"event_id","user_id","event_datetime","event_type","revenue"
1,1,"06/01/2025 16:12",registration,0.00
2,1,"07.01.2025 13:38",login,0.00
3,1,"14.02.2025 22:38",login,0.00
4,1,"01.03.2025 12:07",play_video,0.00
5,1,"12.03.2025 04:25",view_content,0.00
6,1,"18-3-2025 21:49",view_content,0.00
7,1,"14.04.2025 04:20",login,0.00
8,1,"18/04/2025 09:00",login,0.00
9,1,"28-5-2025 21:59",view_content,0.00
10,1,"25.5.25 06:50",cancel,0.00
11,1,"06.07.2025 20:31",login,0.00
12,2,"29.1.25 04:13",registration,0.00
13,2,"19-2-2025 21:23",view_content,0.00
14,2,"17/03/2025 05:23",play_video,0.00
15,2,"26.03.2025 17:43",view_content,0.00
16,2,"15/05/2025 15:26",play_video,0.00
17,2,"22/6/2025 02:42",login,0.00
18,2,"30.5.25 06:37",cancel,0.00
19,2,"30.06.2025 07:05",play_video,0.00
20,2,"14.06.2025 18:13",login,0.00
21,3,"12/06/2025 6:48",registration,0.00
22,3,"13.6.25 17:00",view_content,0.00
23,3,"5-8-2025 3:27",view_content,0.00
24,3,"06/08/2025 4:40",login,0.00
25,3,"26/8/2025 19:18",view_content,0.00
26,3,"14/9/2025 20:31",view_content,0.00
27,4,"15/4/2025 01:33",registration,0.00
28,4,"23.6.25 18:29",play_video,0.00
29,5,"01.01.2025 05:00",registration,0.00
30,5,"25/1/2025 06:36",view_content,0.00
31,5,"13.2.25 22:22",support_request,0.00
32,5,"2-2-2025 6:20",login,0.00
33,6,"6.4.25 22:04",registration,0.00
34,6,"04/05/2025 7:12",login,0.00
35,6,"22.5.25 22:31",login,0.00
36,6,"27-8-2025 19:48",login,0.00
37,6,"9.8.25 10:43",view_content,0.00
38,6,"24.9.25 05:38",login,0.00
39,6,"4/9/2025 8:44",view_content,0.00
40,7,"23/1/2025 08:53",registration,0.00
41,7,"8.4.25 17:10",play_video,0.00
42,7,"3/4/2025 3:27",play_video,0.00
43,7,"27.04.2025 11:53",login,0.00
44,7,"3/5/2025 21:04",login,0.00
45,8,"29/5/2025 01:05",registration,0.00
46,8,"13.06.2025 18:00",view_content,0.00
47,8,"12/08/2025 2:42",login,0.00
48,8,"13.08.2025 19:02",purchase,20.00
49,8,"29/8/2025 23:35",view_content,0.00
50,9,"8.5.25 04:38",registration,0.00
51,9,"5.7.25 00:06",login,0.00
52,10,"25-3-2025 01:42",registration,0.00
53,10,"15/4/2025 13:29",login,0.00
54,10,"18/04/2025 04:15",view_content,0.00
55,10,"17.05.2025 18:43",login,0.00
56,11,"15-4-2025 05:54",registration,0.00
57,11,"3/5/2025 15:48",view_content,0.00
58,11,"29/4/2025 21:23",purchase,30.00
59,11,"15.05.2025 09:46",purchase,30.00
60,11,"17/5/2025 04:39",login,0.00
61,11,"2.7.25 15:04",login,0.00
62,11,"08.07.2025 17:21",view_content,0.00
63,11,"22/7/2025 22:31",view_content,0.00
64,11,"8-9-2025 17:30",view_content,0.00
65,11,"27.9.25 16:02",play_video,0.00
66,11,"28.10.2025 04:53",login,0.00
67,11,"23.11.2025 02:36",login,0.00
68,11,"28/11/2025 03:34",login,0.00
69,12,"16/01/2025 05:44",registration,0.00
70,12,"27/01/2025 05:55",login,0.00
71,12,"17.02.2025 22:48",support_request,0.00
72,12,"4.3.25 10:32",play_video,0.00
73,13,"03.02.2025 20:13",registration,0.00
74,13,"18-2-2025 04:22",login,0.00
75,13,"28.2.25 18:09",login,0.00
76,13,"9.3.25 18:21",login,0.00
77,13,"1-5-2025 6:56",login,0.00
78,13,"22/05/2025 22:50",login,0.00
79,13,"15/05/2025 01:48",login,0.00
80,13,"21/06/2025 13:25",login,0.00
81,14,"22.5.25 00:23",registration,0.00
82,14,"28/5/2025 05:44",login,0.00
83,14,"4-9-2025 21:01",cancel,0.00
84,15,"4/6/2025 23:18",registration,0.00
85,15,"24.6.25 10:52",login,0.00
86,15,"22.7.25 10:45",play_video,0.00
87,16,"7/2/2025 20:25",registration,0.00
88,16,"9.2.25 07:59",view_content,0.00
89,16,"10.02.2025 14:44",cancel,0.00
90,17,"07.05.2025 22:51",registration,0.00
91,17,"20-5-2025 22:47",view_content,0.00
92,17,"21.07.2025 01:25",login,0.00
93,17,"30.07.2025 05:58",login,0.00
94,18,"19-1-2025 23:14",registration,0.00
95,18,"25-2-2025 15:33",cancel,0.00
96,18,"2.4.25 09:12",view_content,0.00
97,18,"10-4-2025 6:46",support_request,0.00
98,18,"15-5-2025 11:52",play_video,0.00
99,18,"1-5-2025 5:04",cancel,0.00
100,18,"1-6-2025 2:24",play_video,0.00
101,18,"8.6.25 07:20",view_content,0.00
102,19,"1/1/2025 21:15",registration,0.00
103,19,"7-1-2025 9:04",view_content,0.00
104,19,"16/03/2025 02:29",login,0.00
105,19,"6/3/2025 19:53",login,0.00
106,19,"18.4.25 02:31",play_video,0.00
107,19,"13/4/2025 22:57",view_content,0.00
108,19,"08/05/2025 6:50",login,0.00
109,19,"21/05/2025 22:45",purchase,15.00
110,19,"05/06/2025 6:06",login,0.00
111,19,"12.06.2025 06:00",login,0.00
112,19,"22/07/2025 08:15",login,0.00
113,19,"25.8.25 01:08",login,0.00
114,20,"29-3-2025 17:03",registration,0.00
115,20,"20/04/2025 00:22",play_video,0.00
116,20,"21/05/2025 10:36",view_content,0.00
117,20,"04.05.2025 13:09",login,0.00
118,20,"11-6-2025 6:28",view_content,0.00
119,20,"04/07/2025 8:41",login,0.00
120,20,"15.8.25 13:28",login,0.00
121,20,"17.9.25 14:01",play_video,0.00
122,20,"03.10.2025 09:50",login,0.00
123,20,"05/10/2025 15:50",view_content,0.00
124,20,"11-11-2025 1:31",view_content,0.00
125,21,"12/5/2025 16:45",registration,0.00
126,21,"25.8.25 17:08",login,0.00
127,21,"05.09.2025 07:17",cancel,0.00
128,21,"13.10.25 03:10",login,0.00
129,21,"25-10-2025 06:26",view_content,0.00
130,22,"13/3/2025 08:11",registration,0.00
131,22,"04/04/2025 16:03",support_request,0.00
132,22,"3/5/2025 3:48",login,0.00
133,22,"01.05.2025 21:55",purchase,10.00
134,22,"29.05.2025 11:34",login,0.00
135,22,"13/6/2025 13:35",view_content,0.00
136,22,"26/7/2025 02:21",view_content,0.00
137,22,"29/08/2025 07:03",login,0.00
138,22,"10.9.25 14:02",login,0.00
139,23,"30/1/2025 15:17",registration,0.00
140,23,"07/04/2025 7:46",view_content,0.00
141,23,"16.5.25 08:42",play_video,0.00
142,23,"18.06.2025 11:00",login,0.00
143,23,"12.07.2025 05:31",purchase,40.00
144,24,"01/04/2025 19:54",registration,0.00
145,24,"21.04.2025 21:44",login,0.00
146,24,"29-4-2025 04:12",play_video,0.00
147,24,"02.05.2025 14:40",view_content,0.00
148,24,"6/6/2025 0:19",purchase,20.00
149,24,"22/07/2025 02:27",view_content,0.00
150,24,"22.07.2025 04:51",login,0.00
151,24,"31/7/2025 16:44",play_video,0.00
152,24,"4/9/2025 18:00",login,0.00
153,24,"19-9-2025 18:54",login,0.00
154,24,"5.10.25 21:49",login,0.00
155,24,"22-11-2025 06:23",login,0.00
156,24,"25-11-2025 03:54",play_video,0.00
157,25,"13/05/2025 19:50",registration,0.00
158,25,"2-6-2025 1:06",cancel,0.00
159,25,"13.6.25 10:22",cancel,0.00
160,25,"27/06/2025 10:42",login,0.00
161,25,"08/08/2025 6:08",play_video,0.00
162,25,"17.7.25 17:30",login,0.00
163,25,"03.09.2025 17:02",login,0.00
164,25,"20.9.25 17:20",login,0.00
165,25,"12.11.2025 04:25",play_video,0.00
166,25,"12/12/2025 2:42",login,0.00
167,25,"30.01.2026 09:01",play_video,0.00
168,25,"03/02/2026 20:56",view_content,0.00
169,26,"6/6/2025 10:02",registration,0.00
170,26,"27.6.25 20:37",login,0.00
171,26,"19/08/2025 06:37",view_content,0.00
172,27,"15.03.2025 20:09",registration,0.00
173,27,"31/03/2025 18:35","",0.00
174,27,"08/04/2025 11:41",view_content,0.00
175,27,"23.05.2025 11:47",view_content,0.00
176,27,"24.5.25 20:52",login,0.00
177,27,"7/7/2025 12:31",login,0.00
178,27,"14/6/2025 21:41",view_content,0.00
179,27,"18.7.25 15:09",view_content,0.00
180,27,"23-8-2025 11:13",login,0.00
181,27,"20-8-2025 12:58",cancel,0.00
182,28,"23/6/2025 17:15",registration,0.00
183,28,"28.06.2025 08:21",play_video,0.00
184,28,"1-8-2025 7:08",cancel,0.00
185,28,"30-8-2025 07:54",login,0.00
186,28,"07/09/2025 6:12",login,0.00
187,28,"3/11/2025 20:57",login,0.00
188,28,"02.11.2025 15:39",play_video,0.00
189,29,"7-5-2025 12:03",registration,0.00
190,29,"7.5.25 23:05",view_content,0.00
191,29,"19/05/2025 00:43",view_content,0.00
192,29,"14.9.25 10:25",view_content,0.00
193,29,"2/10/2025 3:24",cancel,0.00
194,30,"15/1/2025 00:40",registration,0.00
195,30,"04/02/2025 15:41",login,0.00
196,30,"21/01/2025 07:11",play_video,0.00
197,30,"17.2.25 19:29",view_content,0.00
198,30,"22/2/2025 01:34",login,0.00
199,30,"10/4/2025 14:11",view_content,0.00
200,30,"17/3/2025 07:14",play_video,0.00
201,30,"18/04/2025 01:04",view_content,0.00
202,30,"23.04.2025 22:18",login,0.00
203,31,"2.4.25 10:32",registration,0.00
204,31,"20.4.25 20:16",login,0.00
205,31,"27.05.2025 08:53",login,0.00
206,31,"20.5.25 02:40",login,0.00
207,31,"23.07.2025 11:36",view_content,0.00
208,31,"17.8.25 01:23",login,0.00
209,31,"9-9-2025 21:26",view_content,0.00
210,31,"01/10/2025 23:57",cancel,0.00
211,32,"17.1.25 22:26",registration,0.00
212,32,"9-2-2025 4:51",login,0.00
213,32,"19.1.25 18:21",login,0.00
214,32,"31/3/2025 17:59",login,0.00
215,32,"24.03.2025 21:36",play_video,0.00
216,32,"09/05/2025 1:17",login,0.00
217,32,"1/6/2025 12:46",support_request,0.00
218,32,"3-6-2025 18:29",play_video,0.00
219,32,"11.7.25 09:58",login,0.00
220,33,"13/6/2025 09:04",registration,0.00
221,33,"15/6/2025 01:30",login,0.00
222,34,"23-4-2025 07:52",registration,0.00
223,34,"17/05/2025 04:21",support_request,0.00
224,34,"15.5.25 13:38",play_video,0.00
225,34,"6/11/2025 7:55",login,0.00
226,34,"11.11.2025 22:17",play_video,0.00
227,35,"14/01/2025 18:46",registration,0.00
228,35,"26.1.25 18:09",login,0.00
229,35,"10/03/2025 4:17",login,0.00
230,35,"16.3.25 04:14",support_request,0.00
231,35,"17.4.25 03:46",login,0.00
232,36,"26.1.25 19:28",registration,0.00
233,36,"18.2.25 23:06",play_video,0.00
234,36,"15/03/2025 22:23",login,0.00
235,36,"04.03.2025 15:30",view_content,0.00
236,36,"29-3-2025 23:05",view_content,0.00
237,36,"31-3-2025 14:38",view_content,0.00
238,37,"27/1/2025 22:22",registration,0.00
239,37,"06.03.2025 11:44",view_content,0.00
240,37,"17-3-2025 13:09",view_content,0.00
241,38,"26/3/2025 16:44",registration,0.00
242,38,"27-3-2025 05:00",login,0.00
243,38,"17.05.2025 22:07",view_content,0.00
244,38,"15/05/2025 15:11",login,0.00
245,38,"3/7/2025 21:55",login,0.00
246,38,"16-9-2025 21:24",login,0.00
247,38,"27/09/2025 08:44",support_request,0.00
248,38,"29-10-2025 17:39",purchase,20.00
249,39,"15/5/2025 10:58",registration,0.00
250,39,"27/05/2025 19:56",login,0.00
251,39,"11/06/2025 1:25",login,0.00
252,40,"12.3.25 19:47",registration,0.00
253,40,"27-3-2025 15:34",login,0.00
254,40,"25/3/2025 14:53",view_content,0.00
255,40,"20-4-2025 13:46",login,0.00
256,40,"20.4.25 13:55",login,0.00
257,40,"07.06.2025 22:00",login,0.00
258,40,"20.05.2025 10:21",login,0.00
259,40,"2-7-2025 18:19",view_content,0.00
260,40,"03.07.2025 07:03",login,0.00
261,40,"29-7-2025 23:48",play_video,0.00
262,40,"14-7-2025 04:14",login,0.00
263,40,"27/09/2025 13:04",view_content,0.00
264,41,"24-2-2025 03:16",registration,0.00
265,41,"02/03/2025 16:33",view_content,0.00
266,41,"2-5-2025 20:27",view_content,0.00
267,41,"13-5-2025 11:38",view_content,0.00
268,41,"3-7-2025 17:26",support_request,0.00
269,41,"10/8/2025 17:08",purchase,10.00
270,41,"3.8.25 06:38",purchase,20.00
271,42,"6.6.25 06:06",registration,0.00
272,42,"29/06/2025 12:37",login,0.00
273,42,"1.8.25 21:53",purchase,15.00
274,42,"9/7/2025 11:42",login,0.00
275,42,"22/8/2025 20:53",login,0.00
276,42,"23.8.25 12:02",view_content,0.00
277,42,"19/10/2025 06:21",view_content,0.00
278,43,"21.06.2025 17:36",registration,0.00
279,43,"18.7.25 19:03",view_content,0.00
280,43,"08/07/2025 23:31",view_content,0.00
281,43,"07.08.2025 07:10",login,0.00
282,43,"13.8.25 06:29",view_content,0.00
283,43,"16.09.2025 09:23",login,0.00
284,43,"04.09.2025 14:29",view_content,0.00
285,43,"15-10-2025 17:39",play_video,0.00
286,43,"26.09.2025 13:34",view_content,0.00
287,44,"18/03/2025 20:36",registration,0.00
288,44,"03/04/2025 9:57",play_video,0.00
289,44,"03.04.2025 17:13",play_video,0.00
290,44,"18.4.25 21:31",view_content,0.00
291,44,"31.5.25 00:36",purchase,30.00
292,44,"13/06/2025 10:34","",0.00
293,45,"20-5-2025 17:55",registration,0.00
294,45,"28/05/2025 15:24",login,0.00
295,45,"4-6-2025 7:10",support_request,0.00
296,45,"11.07.2025 20:31",login,0.00
297,45,"8.7.25 06:40",login,0.00
298,45,"23.07.2025 17:20",purchase,15.00
299,45,"03/09/2025 15:55",view_content,0.00
300,45,"10.9.25 19:38",login,0.00
301,45,"4-10-2025 19:17",view_content,0.00
302,46,"10/6/2025 21:07",registration,0.00
303,46,"6/7/2025 5:07",login,0.00
304,46,"4-7-2025 17:34",view_content,0.00
305,46,"4.8.25 07:10",view_content,0.00
306,46,"09/09/2025 23:50",login,0.00
307,46,"21.9.25 03:57",login,0.00
308,46,"24/10/2025 04:12",play_video,0.00
309,46,"7-12-2025 22:40",view_content,0.00
310,46,"31.12.2025 15:19",view_content,0.00
311,46,"08.01.2026 10:13",view_content,0.00
312,46,"23/02/2026 04:24",login,0.00
313,47,"28/02/2025 06:17",registration,0.00
314,47,"08/03/2025 23:19",login,0.00
315,47,"15-3-2025 16:02",purchase,20.00
316,47,"06.04.2025 02:27",login,0.00
317,47,"08/05/2025 18:42",play_video,0.00
318,48,"3-2-2025 20:14",registration,0.00
319,48,"05/02/2025 3:35",view_content,0.00
320,48,"18/03/2025 03:55",support_request,0.00
321,48,"19.03.2025 21:48",purchase,30.00
322,48,"08.04.2025 05:04",login,0.00
323,48,"18/05/2025 05:01",view_content,0.00
324,48,"31-5-2025 10:36",login,0.00
325,48,"22/06/2025 21:58",view_content,0.00
326,48,"14/7/2025 23:30",login,0.00
327,48,"23-7-2025 16:10",view_content,0.00
328,48,"7/8/2025 3:19",view_content,0.00
329,48,"20/10/2025 08:51",cancel,0.00
330,49,"6-3-2025 10:26",registration,0.00
331,49,"11.03.2025 07:32",view_content,0.00
332,49,"13-3-2025 16:31",login,0.00
333,49,"13.04.2025 13:51",login,0.00
334,49,"26/06/2025 02:58",purchase,15.00
335,49,"28/06/2025 08:13",login,0.00
336,50,"18/2/2025 05:34",registration,0.00
337,50,"14/3/2025 14:43",cancel,0.00
338,50,"27/02/2025 22:34",play_video,0.00
339,50,"23/3/2025 09:39",login,0.00
340,50,"8/4/2025 19:53",view_content,0.00
341,50,"7-6-2025 1:38",login,0.00
342,50,"20/05/2025 12:53",login,0.00
343,50,"09.08.2025 04:43",view_content,0.00
344,50,"26.7.25 08:52",play_video,0.00
345,51,"09.06.2025 09:57",registration,0.00
346,51,"02.07.2025 17:58",login,0.00
347,51,"10/08/2025 4:56",play_video,0.00
348,51,"31.08.2025 23:56",play_video,0.00
349,51,"11-9-2025 22:35",view_content,0.00
350,51,"9/10/2025 23:47",view_content,0.00
351,51,"13.11.2025 03:54",login,0.00
352,51,"17.12.25 07:10",login,0.00
353,52,"28.5.25 23:38",registration,0.00
354,52,"23.06.2025 17:49",login,0.00
355,52,"12/8/2025 17:00",login,0.00
356,52,"07/09/2025 16:56",login,0.00
357,52,"27/8/2025 09:33",play_video,0.00
358,52,"22/10/2025 06:53",login,0.00
359,52,"7/11/2025 7:20",play_video,0.00
360,53,"28.03.2025 16:33",registration,0.00
361,53,"18.4.25 11:16",login,0.00
362,53,"11-5-2025 8:28",view_content,0.00
363,53,"10.06.2025 19:03",login,0.00
364,53,"29-5-2025 02:32",login,0.00
365,53,"10/8/2025 6:48",view_content,0.00
366,53,"11/09/2025 2:00",view_content,0.00
367,53,"07/10/2025 23:08",login,0.00
368,53,"2-10-2025 16:08",login,0.00
369,54,"18/5/2025 12:10",registration,0.00
370,54,"03/07/2025 19:30",support_request,0.00
371,55,"24/04/2025 01:35",registration,0.00
372,55,"11.05.2025 12:00",login,0.00
373,56,"23-1-2025 11:07",registration,0.00
374,56,"08/02/2025 10:38",play_video,0.00
375,56,"13.3.25 13:12",view_content,0.00
376,56,"25.03.2025 21:09",cancel,0.00
377,56,"24.04.2025 21:02",play_video,0.00
378,56,"08.07.2025 11:54","",0.00
379,56,"19/7/2025 23:57",login,0.00
380,57,"9/5/2025 7:24",registration,0.00
381,57,"5-7-2025 4:41",login,0.00
382,57,"10.06.2025 13:46",login,0.00
383,57,"27-7-2025 13:32",login,0.00
384,57,"20.12.25 01:54",login,0.00
385,58,"21/5/2025 15:35",registration,0.00
386,58,"16.6.25 20:03",view_content,0.00
387,58,"14-7-2025 11:01",login,0.00
388,58,"30.07.2025 23:52",login,0.00
389,58,"9.9.25 14:45",play_video,0.00
390,58,"13-10-2025 04:56",play_video,0.00
391,58,"30.10.25 03:23",view_content,0.00
392,58,"25/10/2025 10:36",view_content,0.00
393,58,"06/01/2026 18:59",view_content,0.00
394,59,"22/4/2025 11:51",registration,0.00
395,59,"28.04.2025 19:39",login,0.00
396,59,"17.05.2025 22:46",login,0.00
397,59,"24.05.2025 17:36",purchase,10.00
398,60,"8/1/2025 10:48",registration,0.00
399,60,"10/01/2025 6:59",view_content,0.00
400,60,"9/1/2025 0:14",login,0.00
401,60,"25.03.2025 19:48",login,0.00
402,60,"27-4-2025 23:16",login,0.00
403,60,"25.04.2025 07:08",view_content,0.00
404,60,"04.07.2025 11:00",play_video,0.00
405,60,"18/06/2025 00:47",cancel,0.00
406,60,"8.7.25 00:27",view_content,0.00
407,60,"30-7-2025 10:13",purchase,10.00
408,61,"22.01.2025 10:23",registration,0.00
409,61,"15/02/2025 18:20",login,0.00
410,61,"15-2-2025 22:53",view_content,0.00
411,61,"16/4/2025 06:16",login,0.00
412,61,"31.03.2025 10:44",login,0.00
413,61,"4/7/2025 5:12",play_video,0.00
414,62,"8.3.25 04:12",registration,0.00
415,62,"19/5/2025 19:46",login,0.00
416,62,"17/5/2025 12:04",play_video,0.00
417,63,"26-6-2025 09:02",registration,0.00
418,63,"1.7.25 11:55",login,0.00
419,64,"17.04.2025 21:59",registration,0.00
420,64,"25.06.2025 15:29",login,0.00
421,64,"30-7-2025 02:47",cancel,0.00
422,64,"27/08/2025 13:40",view_content,0.00
423,64,"07/09/2025 3:55","",0.00
424,64,"23/09/2025 17:53","",0.00
425,64,"23/09/2025 13:55",view_content,0.00
426,64,"27-11-2025 14:00",play_video,0.00
427,65,"17/01/2025 18:14",registration,0.00
428,65,"6.2.25 11:13",login,0.00
429,65,"28.1.25 04:44",view_content,0.00
430,65,"13/3/2025 03:48",play_video,0.00
431,65,"25.02.2025 09:33",support_request,0.00
432,65,"6-5-2025 12:09",login,0.00
433,65,"3-5-2025 17:59",login,0.00
434,65,"10-6-2025 4:19",login,0.00
435,65,"02.07.2025 22:55",login,0.00
436,65,"9-7-2025 1:32",login,0.00
437,65,"12.08.2025 16:23",play_video,0.00
438,65,"24.7.25 15:39",view_content,0.00
439,66,"17-1-2025 21:44",registration,0.00
440,66,"14/02/2025 14:30",login,0.00
441,67,"27.02.2025 01:42",registration,0.00
442,67,"25.3.25 00:42",cancel,0.00
443,67,"6-4-2025 17:27",login,0.00
444,67,"14-4-2025 21:35",view_content,0.00
445,68,"25.01.2025 03:09",registration,0.00
446,68,"15.02.2025 09:35",login,0.00
447,68,"12.03.2025 16:17",play_video,0.00
448,68,"16/04/2025 05:59",login,0.00
449,68,"8/4/2025 7:55",view_content,0.00
450,68,"13-5-2025 00:00",play_video,0.00
451,68,"11.6.25 17:33",view_content,0.00
452,68,"13/7/2025 06:02",play_video,0.00
453,68,"26/06/2025 19:55",login,0.00
454,68,"4-8-2025 12:00",login,0.00
455,69,"31/1/2025 01:47",registration,0.00
456,69,"19/2/2025 11:28",login,0.00
457,69,"8-2-2025 13:04",view_content,0.00
458,69,"25-5-2025 12:46",login,0.00
459,70,"13-2-2025 05:44",registration,0.00
460,70,"20-2-2025 14:59",view_content,0.00
461,71,"28/4/2025 17:08",registration,0.00
462,71,"15/07/2025 01:08",login,0.00
463,71,"04/07/2025 8:53",login,0.00
464,72,"8-4-2025 8:35",registration,0.00
465,72,"15-4-2025 00:10",view_content,0.00
466,72,"15-5-2025 18:13",login,0.00
467,72,"24-5-2025 07:19",login,0.00
468,72,"2.7.25 03:49",view_content,0.00
469,72,"19.07.2025 01:01",play_video,0.00
470,72,"26.07.2025 11:41",login,0.00
471,72,"17/9/2025 20:14",login,0.00
472,72,"10.10.2025 19:13",play_video,0.00
473,72,"31.10.2025 19:34",view_content,0.00
474,73,"20/2/2025 04:17",registration,0.00
475,73,"02/03/2025 20:35",cancel,0.00
476,73,"11/3/2025 8:26",login,0.00
477,74,"11/1/2025 15:01",registration,0.00
478,74,"01.02.2025 02:22",login,0.00
479,74,"14/02/2025 03:54",purchase,15.00
480,74,"25.03.2025 17:19",view_content,0.00
481,74,"7-4-2025 22:05",purchase,15.00
482,74,"02.05.2025 22:52",view_content,0.00
483,74,"04/06/2025 1:44",view_content,0.00
484,74,"20.5.25 12:49",play_video,0.00
485,75,"4/2/2025 15:16",registration,0.00
486,75,"31-5-2025 16:35",play_video,0.00
487,75,"09.05.2025 13:22",view_content,0.00
488,75,"30-7-2025 07:10",login,0.00
489,75,"8/7/2025 5:07",login,0.00
490,76,"22.3.25 14:04",registration,0.00
491,76,"12-6-2025 4:12",login,0.00
492,76,"26/06/2025 03:51",login,0.00
493,76,"9/7/2025 15:01",purchase,30.00
494,76,"8/8/2025 2:56",view_content,0.00
495,76,"23/08/2025 07:11",login,0.00
496,76,"05/09/2025 5:57",play_video,0.00
497,76,"01.10.2025 22:49",login,0.00
498,76,"7.10.25 12:48",play_video,0.00
499,76,"9-11-2025 22:02",login,0.00
500,76,"12.11.2025 22:49",view_content,0.00
501,76,"8.12.25 08:58",play_video,0.00
502,77,"26.02.2025 01:58",registration,0.00
503,77,"11/3/2025 7:31",login,0.00
504,77,"16/03/2025 13:36",login,0.00
505,77,"14.04.2025 03:03",login,0.00
506,77,"17.05.2025 09:31",view_content,0.00
507,77,"12/06/2025 14:51",play_video,0.00
508,77,"10-6-2025 9:57",login,0.00
509,77,"8/9/2025 23:31",view_content,0.00
510,78,"16/2/2025 09:40",registration,0.00
511,78,"12/04/2025 3:41",cancel,0.00
512,78,"12.6.25 05:57",login,0.00
513,78,"19.6.25 11:37",play_video,0.00
514,79,"17/02/2025 18:10",registration,0.00
515,79,"7-3-2025 18:47",support_request,0.00
516,79,"31/3/2025 08:57",play_video,0.00
517,79,"9.5.25 20:54",view_content,0.00
518,79,"11.07.2025 13:17",support_request,0.00
519,79,"20-6-2025 02:00",login,0.00
520,79,"27/07/2025 09:17",login,0.00
521,79,"04/08/2025 17:02",login,0.00
522,79,"1-9-2025 3:52",purchase,40.00
523,79,"11.10.2025 19:58",view_content,0.00
524,80,"02.01.2025 00:54",registration,0.00
525,80,"17.1.25 02:53",cancel,0.00
526,80,"06/02/2025 6:29",login,0.00
527,80,"24/3/2025 20:06",play_video,0.00
528,80,"02/04/2025 12:53",cancel,0.00
529,80,"3-5-2025 11:03",view_content,0.00
530,80,"28/05/2025 19:04","",20.00
531,81,"23/2/2025 04:45",registration,0.00
532,81,"25.2.25 16:15",login,0.00
533,81,"6-4-2025 15:09",login,0.00
534,81,"9.4.25 01:32",login,0.00
535,81,"19-5-2025 14:48",login,0.00
536,81,"26/4/2025 19:32",play_video,0.00
537,81,"18/6/2025 04:46",login,0.00
538,82,"9-5-2025 20:21",registration,0.00
539,82,"11/05/2025 6:29",view_content,0.00
540,82,"13-6-2025 15:54",play_video,0.00
541,82,"22.06.2025 22:15",login,0.00
542,83,"21.03.2025 16:39",registration,0.00
543,83,"16-4-2025 10:32",support_request,0.00
544,83,"2-4-2025 2:42",play_video,0.00
545,83,"02/05/2025 21:41",view_content,0.00
546,84,"12-3-2025 19:32",registration,0.00
547,84,"29.3.25 06:39",view_content,0.00
548,85,"11.02.2025 11:12",registration,0.00
549,85,"08/03/2025 12:40",support_request,0.00
550,85,"30/04/2025 08:10",play_video,0.00
551,85,"23.04.2025 06:54",login,0.00
552,85,"3-6-2025 15:28",login,0.00
553,85,"9/7/2025 1:30",login,0.00
554,85,"7/7/2025 16:09",play_video,0.00
555,86,"5/6/2025 13:35",registration,0.00
556,86,"22-6-2025 07:35",view_content,0.00
557,86,"12-6-2025 14:22",login,0.00
558,86,"23/07/2025 14:34",login,0.00
559,86,"7.7.25 21:29",view_content,0.00
560,86,"15-8-2025 18:33",cancel,0.00
561,86,"9.8.25 00:24",login,0.00
562,86,"15.09.2025 19:21",login,0.00
563,86,"12.9.25 21:36",play_video,0.00
564,86,"19.10.2025 22:05",login,0.00
565,86,"03/11/2025 20:54",view_content,0.00
566,86,"27-12-2025 04:47",view_content,0.00
567,86,"16-2-2026 21:33",login,0.00
568,86,"7/2/2026 14:30",view_content,0.00
569,87,"31/5/2025 06:06",registration,0.00
570,87,"16/06/2025 21:08",view_content,0.00
571,87,"12.7.25 16:28",login,0.00
572,87,"22/7/2025 17:55",view_content,0.00
573,87,"20/9/2025 03:31",support_request,0.00
574,87,"17/09/2025 08:19",login,0.00
575,87,"24/10/2025 15:01",login,0.00
576,87,"21.10.2025 16:34",purchase,20.00
577,87,"14.11.2025 15:01",view_content,0.00
578,88,"22/4/2025 05:33",registration,0.00
579,88,"16.05.2025 03:46",login,0.00
580,88,"26.5.25 04:54",login,0.00
581,88,"28/6/2025 22:37",login,0.00
582,88,"11.07.2025 21:44",play_video,0.00
583,89,"13/6/2025 21:47",registration,0.00
584,89,"27/6/2025 03:42",login,0.00
585,89,"17.07.2025 23:55",view_content,0.00
586,89,"16/07/2025 22:59",view_content,0.00
587,89,"14-8-2025 09:39",login,0.00
588,89,"09/10/2025 18:58",view_content,0.00
589,89,"06/11/2025 14:01",login,0.00
590,89,"4/11/2025 2:53",login,0.00
591,89,"20.11.2025 19:49",login,0.00
592,89,"8-12-2025 9:12",login,0.00
593,90,"06/03/2025 4:23",registration,0.00
594,90,"22/03/2025 22:40",login,0.00
595,90,"27.03.2025 11:03",play_video,0.00
596,90,"7-4-2025 17:55",view_content,0.00
597,90,"10-5-2025 9:46",view_content,0.00
598,90,"06/07/2025 23:35",view_content,0.00
599,90,"21/7/2025 00:19",play_video,0.00
600,91,"10.03.2025 07:58",registration,0.00
601,91,"17/03/2025 02:59",view_content,0.00
602,91,"21.03.2025 04:24",view_content,0.00
603,91,"30-4-2025 22:43",login,0.00
604,91,"04/06/2025 17:44",view_content,0.00
605,91,"19.05.2025 13:20",login,0.00
606,91,"21.06.2025 09:28","",0.00
607,91,"4.8.25 04:41",login,0.00
608,91,"29-7-2025 04:32",login,0.00
609,91,"01/10/2025 23:12",play_video,0.00
610,92,"29/01/2025 17:48",registration,0.00
611,92,"12/02/2025 4:27",support_request,0.00
612,92,"24.02.2025 18:27",cancel,0.00
613,92,"10-3-2025 1:45",purchase,30.00
614,92,"07/05/2025 20:21",view_content,0.00
615,93,"06.02.2025 06:24",registration,0.00
616,93,"02/03/2025 5:57",play_video,0.00
617,93,"22-3-2025 07:05",login,0.00
618,93,"10/6/2025 13:13",support_request,0.00
619,93,"11.06.2025 03:43",support_request,0.00
620,94,"13/06/2025 18:08",registration,0.00
621,94,"21/06/2025 17:49",play_video,0.00
622,94,"09/08/2025 6:34",login,0.00
623,95,"21.5.25 04:10",registration,0.00
624,95,"5/6/2025 3:14",support_request,0.00
625,95,"02.06.2025 10:40",login,0.00
626,95,"15.08.2025 02:22",cancel,0.00
627,95,"28.07.2025 01:22",view_content,0.00
628,95,"04/10/2025 1:54",view_content,0.00
629,95,"22.09.2025 14:58",test_event,0.00
630,96,"9-6-2025 3:02",registration,0.00
631,96,"13/08/2025 20:48",login,0.00
632,96,"26.8.25 11:51",view_content,0.00
633,97,"10/05/2025 10:20",registration,0.00
634,97,"21/5/2025 19:35",view_content,0.00
635,97,"18.07.2025 13:43",login,0.00
636,97,"18-7-2025 13:15",login,0.00
637,97,"25-8-2025 13:06",view_content,0.00
638,98,"6/4/2025 15:17",registration,0.00
639,98,"23.4.25 03:24",login,0.00
640,98,"2/5/2025 16:19",login,0.00
641,98,"28.05.2025 18:07",login,0.00
642,98,"12/7/2025 1:17",view_content,0.00
643,98,"17.07.2025 16:46",purchase,40.00
644,98,"17/08/2025 07:43",login,0.00
645,98,"18.09.2025 11:37",play_video,0.00
646,98,"11/10/2025 12:35",view_content,0.00
647,99,"29.03.2025 08:44",registration,0.00
648,99,"29-3-2025 19:41",view_content,0.00
649,99,"7.4.25 14:00",view_content,0.00
650,99,"11/05/2025 23:40",view_content,0.00
651,99,"6/5/2025 2:05",view_content,0.00
652,99,"18.06.2025 03:05",view_content,0.00
653,99,"5-7-2025 13:13",view_content,0.00
654,99,"20/08/2025 21:55",cancel,0.00
655,99,"18.9.25 02:51",login,0.00
656,100,"26.6.25 19:01",registration,0.00
657,100,"29.06.2025 05:48",login,0.00
658,100,"21-8-2025 19:11",login,0.00
659,100,"08.08.2025 15:08",login,0.00
660,100,"2.9.25 11:27",play_video,0.00
661,100,"19/10/2025 21:58",view_content,0.00
662,100,"02.10.2025 06:37",test_event,0.00
663,101,"24.05.2025 00:39",registration,0.00
664,101,"31/5/2025 02:58",test_event,0.00
665,101,"12.7.25 12:41",login,0.00
666,101,"9.7.25 04:15",play_video,0.00
667,101,"4/10/2025 10:27",view_content,0.00
668,101,"10.10.2025 18:25",view_content,0.00
669,101,"01.11.2025 12:45",play_video,0.00
670,101,"27.11.2025 19:18",play_video,0.00
671,101,"30/11/2025 23:26",login,0.00
672,102,"16.1.25 14:38",registration,0.00
673,102,"27/02/2025 15:05",login,0.00
674,102,"09/04/2025 22:01",view_content,0.00
675,102,"26-4-2025 04:32",login,0.00
676,103,"20.4.25 04:14",registration,0.00
677,103,"26-4-2025 16:24",login,0.00
678,103,"9-6-2025 7:21",support_request,0.00
679,103,"16/6/2025 11:43",play_video,0.00
680,103,"07.07.2025 19:58",login,0.00
681,103,"11/8/2025 13:46",login,0.00
682,103,"29/10/2025 05:05",login,0.00
683,103,"30/10/2025 09:16",cancel,0.00
684,103,"4/12/2025 18:55",view_content,0.00
685,104,"07/01/2025 6:27",registration,0.00
686,104,"13/1/2025 19:29",login,0.00
687,104,"17/2/2025 03:12",login,0.00
688,104,"26.3.25 19:35",login,0.00
689,105,"30.01.2025 17:25",registration,0.00
690,105,"24.02.2025 22:35",play_video,0.00
691,105,"07/02/2025 15:00",view_content,0.00
692,105,"12-6-2025 10:26",login,0.00
693,106,"28/1/2025 08:44",registration,0.00
694,106,"20/2/2025 16:23",login,0.00
695,106,"13/2/2025 05:11",login,0.00
696,106,"5-3-2025 4:08",login,0.00
697,106,"08.04.2025 07:42",cancel,0.00
698,106,"25/5/2025 00:51",view_content,0.00
699,106,"13-6-2025 09:46",play_video,0.00
700,106,"14.6.25 07:41",login,0.00
701,106,"22/08/2025 00:22",login,0.00
702,106,"20-8-2025 06:50",login,0.00
703,107,"02/01/2025 1:27",registration,0.00
704,107,"20/01/2025 18:28",purchase,30.00
705,107,"3/2/2025 1:14",purchase,30.00
706,107,"29/3/2025 05:01",test_event,0.00
707,107,"18.4.25 08:20",login,0.00
708,107,"14-4-2025 07:55",login,0.00
709,107,"5-6-2025 1:06",login,0.00
710,107,"27.06.2025 07:06",test_event,15.00
711,107,"2/7/2025 2:45",login,0.00
712,107,"11.07.2025 05:59",purchase,15.00
713,108,"21-4-2025 11:54",registration,0.00
714,108,"4.5.25 22:11",login,0.00
715,108,"28.04.2025 05:23",view_content,0.00
716,108,"26.05.2025 15:00",play_video,0.00
717,108,"16/6/2025 03:18",login,0.00
718,109,"7-4-2025 23:01",registration,0.00
719,109,"5/5/2025 20:21",view_content,0.00
720,109,"25.04.2025 07:34",play_video,0.00
721,109,"28.05.2025 11:26",login,0.00
722,109,"8.5.25 22:04",login,0.00
723,109,"22/6/2025 06:07",login,0.00
724,109,"01.07.2025 21:55",login,0.00
725,109,"23.8.25 14:15",view_content,0.00
726,109,"17.08.2025 12:33",view_content,0.00
727,109,"29.10.25 22:37",view_content,0.00
728,110,"28-2-2025 06:40",registration,0.00
729,110,"28.02.2025 09:56",view_content,0.00
730,110,"17-3-2025 13:07",view_content,0.00
731,111,"27/06/2025 16:05",registration,0.00
732,111,"29.6.25 13:26",login,0.00
733,111,"23.7.25 21:02",login,0.00
734,111,"11/8/2025 10:26",login,0.00
735,111,"22.10.2025 06:24",login,0.00
736,111,"17.10.25 03:10",login,0.00
737,111,"27/11/2025 15:32",login,0.00
738,111,"13/12/2025 06:52",play_video,0.00
739,112,"10/6/2025 14:44",registration,0.00
740,112,"26/6/2025 14:35",view_content,0.00
741,112,"17/7/2025 14:02",view_content,0.00
742,112,"16.8.25 12:21",login,0.00
743,112,"20.08.2025 07:49",login,0.00
744,112,"29.10.2025 07:23",login,0.00
745,112,"30-10-2025 19:33",purchase,20.00
746,112,"16-11-2025 23:45",view_content,0.00
747,112,"4-12-2025 14:56",login,0.00
748,112,"17/12/2025 14:15",login,0.00
749,113,"15-5-2025 13:21",registration,0.00
750,113,"22.7.25 16:00",purchase,10.00
751,113,"06/08/2025 9:34",login,0.00
752,114,"07/04/2025 9:23",registration,0.00
753,114,"17/4/2025 20:34",login,0.00
754,114,"20/6/2025 04:44",purchase,40.00
755,114,"11-6-2025 10:55",login,0.00
756,114,"17-7-2025 14:45",login,0.00
757,114,"14/7/2025 10:04",login,0.00
758,114,"17/10/2025 23:38",support_request,0.00
759,114,"21/10/2025 02:21",cancel,0.00
760,115,"12/06/2025 15:31",registration,0.00
761,115,"29.06.2025 16:42",login,0.00
762,115,"28.06.2025 23:38",login,0.00
763,115,"02.08.2025 05:28",play_video,0.00
764,115,"20/08/2025 11:54",login,0.00
765,115,"21/8/2025 14:41",login,0.00
766,115,"12.09.2025 21:42",login,0.00
767,115,"3-11-2025 0:28",play_video,0.00
768,115,"31/10/2025 10:45",view_content,0.00
769,116,"13-1-2025 12:43",registration,0.00
770,116,"13.01.2025 19:33",play_video,0.00
771,116,"24.01.2025 11:10",login,0.00
772,116,"26/2/2025 23:12",view_content,0.00
773,116,"10/03/2025 20:16",view_content,0.00
774,116,"29/3/2025 21:18",login,0.00
775,116,"29-4-2025 01:40",view_content,0.00
776,116,"7.6.25 09:16",view_content,0.00
777,117,"29-6-2025 09:18",registration,0.00
778,117,"04.07.2025 15:54",login,0.00
779,117,"8.7.25 06:56",login,0.00
780,118,"23/05/2025 22:17",registration,0.00
781,118,"30.5.25 05:37",login,0.00
782,119,"02/04/2025 23:06",registration,0.00
783,119,"30/4/2025 04:37",login,0.00
784,119,"20/07/2025 19:20","",0.00
785,120,"20/2/2025 00:00",registration,0.00
786,120,"18-3-2025 20:38",view_content,0.00
787,120,"24.3.25 00:13",test_event,0.00
788,120,"16-4-2025 20:52",purchase,10.00
789,120,"10/5/2025 9:33",play_video,0.00
790,120,"29.07.2025 07:06",view_content,0.00
791,120,"5/8/2025 14:30",login,0.00
792,121,"25/01/2025 11:23",registration,0.00
793,121,"31.1.25 12:15",view_content,0.00
794,121,"3.2.25 18:15",view_content,0.00
795,121,"02.03.2025 02:51",play_video,0.00
796,121,"27.03.2025 10:58",play_video,0.00
797,121,"22/5/2025 19:44",login,0.00
798,121,"04.05.2025 08:26",view_content,0.00
799,121,"07/07/2025 2:25",purchase,30.00
800,121,"27/6/2025 23:26",view_content,0.00
801,121,"25/07/2025 16:34",view_content,0.00
802,121,"13/08/2025 16:36",view_content,0.00
803,121,"16/9/2025 14:30",login,0.00
804,122,"3-4-2025 6:03",registration,0.00
805,122,"22.4.25 16:32",login,0.00
806,122,"14.4.25 15:09",play_video,0.00
807,122,"13.05.2025 05:47",login,0.00
808,122,"25/5/2025 04:12",view_content,0.00
809,123,"1.6.25 16:39",registration,0.00
810,123,"9-6-2025 22:59",purchase,10.00
811,123,"2-6-2025 0:45",login,0.00
812,123,"21/07/2025 14:10",login,0.00
813,123,"21.07.2025 19:54",view_content,0.00
814,123,"4/8/2025 1:01",test_event,0.00
815,123,"6-8-2025 2:11",cancel,0.00
816,123,"10/09/2025 20:47",login,0.00
817,123,"16/09/2025 01:30",play_video,0.00
818,123,"18/10/2025 16:40",view_content,0.00
819,123,"26/11/2025 04:30",support_request,0.00
820,124,"12-6-2025 5:02",registration,0.00
821,124,"20/6/2025 19:49",play_video,0.00
822,124,"13/06/2025 09:02",view_content,0.00
823,125,"29.01.2025 22:23",registration,0.00
824,125,"18.2.25 11:57",login,0.00
825,125,"06.03.2025 17:44",view_content,0.00
826,126,"27/05/2025 17:26",registration,0.00
827,126,"28/05/2025 08:47",purchase,15.00
828,126,"19-6-2025 11:22",play_video,0.00
829,126,"9.7.25 01:48",play_video,0.00
830,126,"26-7-2025 18:42",play_video,0.00
831,126,"5.8.25 07:33",login,0.00
832,126,"31-8-2025 14:51",login,0.00
833,126,"25.9.25 11:49",view_content,0.00
834,126,"17/11/2025 12:09",login,0.00
835,127,"12.04.2025 11:17",registration,0.00
836,127,"4-5-2025 14:12",login,0.00
837,127,"12/6/2025 15:08",play_video,0.00
838,127,"19/6/2025 23:14",view_content,0.00
839,127,"28.7.25 00:18",cancel,0.00
840,127,"26-8-2025 14:57",login,0.00
841,127,"7-9-2025 9:26",play_video,0.00
842,128,"2.6.25 10:00",registration,0.00
843,128,"19/06/2025 02:29",login,0.00
844,128,"28.7.25 18:55",login,0.00
845,128,"14.08.2025 18:19",support_request,0.00
846,128,"6/8/2025 3:52",login,0.00
847,128,"23.9.25 15:00",play_video,0.00
848,128,"25/10/2025 04:30",play_video,0.00
849,128,"10.10.25 12:58",view_content,0.00
850,128,"05.11.2025 23:35",purchase,20.00
851,128,"07/11/2025 6:35",login,0.00
852,129,"11.6.25 22:22",registration,0.00
853,129,"6-7-2025 16:13",login,0.00
854,129,"17.6.25 04:59",view_content,0.00
855,129,"17-7-2025 10:48",login,0.00
856,129,"4-9-2025 17:15",play_video,0.00
857,129,"23.8.25 20:27",view_content,0.00
858,129,"27.09.2025 15:35",login,0.00
859,129,"01/11/2025 13:14",login,0.00
860,130,"9/2/2025 23:48",registration,0.00
861,130,"05/03/2025 16:18",login,0.00
862,130,"14-2-2025 00:27",view_content,0.00
863,130,"23.03.2025 05:01",view_content,0.00
864,130,"6/4/2025 10:18",support_request,0.00
865,130,"4/5/2025 10:35",view_content,0.00
866,130,"21.04.2025 06:00",login,0.00
867,130,"26/5/2025 19:27",view_content,0.00
868,130,"4-7-2025 7:14",play_video,0.00
869,130,"18.09.2025 11:32",login,0.00
870,131,"23/02/2025 18:01",registration,0.00
871,131,"15/3/2025 12:19",play_video,0.00
872,131,"9.3.25 03:43",login,0.00
873,131,"16/04/2025 16:26",view_content,0.00
874,131,"14.4.25 12:39",view_content,0.00
875,131,"19.5.25 07:15","",0.00
876,131,"27-4-2025 03:46",view_content,0.00
877,131,"19.7.25 05:28","",0.00
878,131,"13.7.25 15:40",login,0.00
879,132,"26-1-2025 10:00",registration,0.00
880,132,"29/3/2025 16:24",support_request,0.00
881,132,"12/04/2025 1:57",purchase,20.00
882,132,"19.5.25 19:19",login,0.00
883,132,"27/4/2025 16:11",login,0.00
884,133,"23.3.25 01:36",registration,0.00
885,133,"16/4/2025 23:32",view_content,0.00
886,133,"9/4/2025 15:49",login,0.00
887,133,"13.5.25 06:51",login,0.00
888,133,"05/05/2025 16:48",view_content,0.00
889,133,"27/6/2025 22:04",login,0.00
890,133,"15-10-2025 14:01",login,0.00
891,133,"4.12.25 11:46",login,0.00
892,133,"22-11-2025 14:46",login,0.00
893,134,"28/1/2025 19:12",registration,0.00
894,134,"22-2-2025 13:09",view_content,0.00
895,134,"28-2-2025 01:35",login,0.00
896,134,"28/02/2025 23:23",view_content,0.00
897,135,"31.01.2025 10:15",registration,0.00
898,135,"21.02.2025 09:56",test_event,0.00
899,135,"19-2-2025 05:59",login,0.00
900,136,"29/06/2025 11:34",registration,0.00
901,136,"20/07/2025 17:35",login,0.00
902,136,"26.07.2025 23:03",login,0.00
903,136,"29/7/2025 21:31",login,0.00
904,136,"16/09/2025 17:00",login,0.00
905,136,"29.08.2025 09:39",login,0.00
906,136,"20/11/2025 20:52",cancel,0.00
907,136,"22-11-2025 18:26",purchase,20.00
908,137,"01/03/2025 5:59",registration,0.00
909,137,"21/3/2025 07:32",view_content,0.00
910,137,"18/03/2025 00:23",view_content,0.00
911,137,"23/4/2025 12:26",play_video,0.00
912,137,"4.5.25 19:15",login,0.00
913,137,"6.6.25 11:27",login,0.00
914,137,"13-7-2025 11:29",login,0.00
915,137,"30/6/2025 10:37",login,0.00
916,137,"29/7/2025 19:53",view_content,0.00
917,138,"07.04.2025 07:17",registration,0.00
918,138,"7.4.25 10:10",view_content,0.00
919,138,"1-5-2025 21:17",play_video,0.00
920,138,"1/7/2025 16:44",play_video,0.00
921,138,"9.7.25 21:41",login,0.00
922,138,"11/7/2025 6:11",play_video,0.00
923,138,"24-10-2025 09:29",login,0.00
924,138,"6.12.25 15:54",play_video,0.00
925,138,"23/12/2025 22:22",play_video,0.00
926,138,"23-1-2026 17:05",view_content,0.00
927,139,"11/04/2025 19:32",registration,0.00
928,139,"14-7-2025 14:58",login,0.00
929,140,"29.4.25 13:47",registration,0.00
930,140,"16/05/2025 12:52",play_video,0.00
931,140,"11/6/2025 20:16",login,0.00
932,140,"3.7.25 04:56",cancel,0.00
933,140,"20/8/2025 22:13",view_content,0.00
934,140,"21.10.25 20:52",support_request,0.00
935,140,"03/10/2025 7:03",play_video,0.00
936,140,"30/10/2025 13:47",support_request,0.00
937,140,"3-11-2025 3:37",view_content,0.00
938,141,"17/5/2025 21:47",registration,0.00
939,141,"01.06.2025 16:55",play_video,0.00
940,141,"01/07/2025 3:35",view_content,0.00
941,141,"22-6-2025 03:12",play_video,0.00
942,141,"02/08/2025 13:34",view_content,0.00
943,141,"28/7/2025 23:42",play_video,0.00
944,141,"18/9/2025 13:43",login,0.00
945,141,"20-9-2025 05:49",view_content,0.00
946,141,"16.10.2025 05:06",login,0.00
947,141,"25.11.25 18:55",login,0.00
948,141,"29/12/2025 10:44",view_content,0.00
949,142,"12-2-2025 9:30",registration,0.00
950,142,"12/2/2025 11:37",cancel,0.00
951,142,"21.02.2025 04:29",cancel,0.00
952,142,"2.5.25 21:28",login,0.00
953,142,"04/05/2025 2:25",play_video,0.00
954,142,"3-6-2025 22:56",login,0.00
955,142,"22.5.25 19:37",play_video,0.00
956,142,"22/6/2025 17:55",login,0.00
957,142,"1-8-2025 9:16",play_video,0.00
958,142,"24/07/2025 13:05",login,0.00
959,143,"07.03.2025 03:31",registration,0.00
960,143,"22-3-2025 09:02",view_content,0.00
961,143,"21/03/2025 06:44",view_content,0.00
962,144,"25/3/2025 17:17",registration,0.00
963,144,"13-4-2025 07:35",view_content,0.00
964,144,"28.4.25 11:30",view_content,0.00
965,144,"30/4/2025 08:58",login,0.00
966,144,"27.5.25 04:32",login,0.00
967,144,"27/5/2025 18:11",play_video,0.00
968,144,"18-8-2025 15:05",login,0.00
969,144,"17/08/2025 05:06",view_content,0.00
970,144,"8-10-2025 21:28",login,0.00
971,145,"16-4-2025 16:10",registration,0.00
972,145,"24/04/2025 22:28",support_request,0.00
973,145,"16.6.25 22:58",play_video,0.00
974,145,"29-6-2025 12:02",login,0.00
975,145,"19-7-2025 18:27",login,0.00
976,145,"25-8-2025 18:21",view_content,0.00
977,145,"1.9.25 01:17",login,0.00
978,146,"25/03/2025 06:52",registration,0.00
979,146,"11/05/2025 1:44",login,0.00
980,146,"9.5.25 10:11",login,0.00
981,147,"22/4/2025 18:37",registration,0.00
982,147,"5/5/2025 8:25",login,0.00
983,147,"11/06/2025 2:43",cancel,0.00
984,147,"12-6-2025 8:41",play_video,0.00
985,147,"15.7.25 23:27",login,0.00
986,147,"6.7.25 12:21",cancel,0.00
987,147,"21/07/2025 22:39",view_content,0.00
988,147,"1.9.25 05:42",view_content,0.00
989,147,"06/10/2025 0:47",view_content,0.00
990,147,"28-9-2025 08:08",play_video,0.00
991,148,"30/5/2025 12:35",registration,0.00
992,148,"19/06/2025 16:48",purchase,40.00
993,148,"1-6-2025 21:56",play_video,0.00
994,148,"19-7-2025 21:10",view_content,0.00
995,148,"17.08.2025 14:25",view_content,0.00
996,148,"10.08.2025 10:54",login,0.00
997,148,"30.09.2025 14:11",view_content,0.00
998,148,"29.9.25 19:16",purchase,20.00
999,149,"4-6-2025 2:44",registration,0.00
1000,149,"25/06/2025 11:51",view_content,0.00
1001,149,"30.07.2025 08:30",login,0.00
1002,149,"24-8-2025 03:44",play_video,0.00
1003,149,"12.11.25 04:30",login,0.00
1004,150,"11-5-2025 2:43",registration,0.00
1005,150,"21/05/2025 15:24",view_content,0.00
1006,150,"28/05/2025 15:31",view_content,0.00
1007,150,"3.7.25 23:05",login,0.00
1008,150,"31.7.25 09:22",purchase,15.00
1009,150,"21.07.2025 09:03",login,0.00
1010,150,"03/09/2025 4:55",play_video,0.00
1011,150,"16/08/2025 19:19",view_content,0.00
1012,150,"14-10-2025 15:45",cancel,0.00
1013,151,"24.1.25 01:22",registration,0.00
1014,151,"1.2.25 19:50",view_content,0.00
1015,151,"14.04.2025 00:51",login,0.00
1016,152,"26/4/2025 19:26",registration,0.00
1017,152,"05/05/2025 15:31",play_video,0.00
1018,152,"14/06/2025 04:49",login,0.00
1019,152,"23/6/2025 04:41",view_content,0.00
1020,152,"13/07/2025 12:29",login,0.00
1021,152,"17.07.2025 07:11",login,0.00
1022,152,"28.07.2025 02:35",login,0.00
1023,152,"1/8/2025 9:30",login,0.00
1024,152,"11.9.25 22:18",view_content,0.00
1025,152,"07.10.2025 18:43",support_request,0.00
1026,153,"22.01.2025 16:05",registration,0.00
1027,153,"15.02.2025 03:31",login,0.00
1028,153,"4-3-2025 2:47",view_content,0.00
1029,153,"31.3.25 00:21",play_video,0.00
1030,153,"03.04.2025 04:01",view_content,0.00
1031,153,"06/07/2025 18:33",purchase,10.00
1032,153,"27/06/2025 00:10",login,0.00
1033,154,"03/05/2025 10:45",registration,0.00
1034,154,"10-5-2025 5:38",view_content,0.00
1035,154,"24.6.25 02:51",login,0.00
1036,154,"9.6.25 15:19",play_video,0.00
1037,154,"22-7-2025 19:10",login,0.00
1038,154,"16.08.2025 03:51",cancel,0.00
1039,154,"19-8-2025 17:31",login,0.00
1040,154,"15/9/2025 17:26",login,0.00
1041,154,"24.9.25 02:42",login,0.00
1042,155,"30-4-2025 01:37",registration,0.00
1043,155,"12.6.25 13:49",play_video,0.00
1044,155,"16-8-2025 01:34",view_content,0.00
1045,155,"06/08/2025 19:20",play_video,0.00
1046,155,"21.11.25 17:45",play_video,0.00
1047,155,"15.01.2026 12:19",view_content,0.00
1048,156,"09.03.2025 07:29",registration,0.00
1049,156,"04/04/2025 15:38",view_content,0.00
1050,156,"14/04/2025 05:32",login,0.00
1051,156,"25/05/2025 18:52",login,0.00
1052,156,"01/08/2025 14:12",cancel,0.00
1053,156,"17/11/2025 19:09",login,0.00
1054,156,"20.11.2025 16:09",login,0.00
1055,156,"01/01/2026 4:57",play_video,0.00
1056,157,"18/04/2025 14:07",registration,0.00
1057,157,"04.05.2025 12:59",purchase,40.00
1058,157,"20/05/2025 03:49",login,0.00
1059,157,"06.07.2025 04:50",support_request,0.00
1060,157,"19-7-2025 11:18",login,0.00
1061,157,"1/8/2025 14:05",login,0.00
1062,157,"03/09/2025 17:06",view_content,0.00
1063,157,"26.8.25 21:31",view_content,0.00
1064,157,"02/10/2025 9:01",login,0.00
1065,157,"03.12.2025 12:00",login,0.00
1066,157,"1/12/2025 21:29",login,0.00
1067,157,"17.12.2025 02:28",play_video,0.00
1068,157,"7.1.26 13:44",login,0.00
1069,158,"02.03.2025 19:15",registration,0.00
1070,158,"8-3-2025 9:41",login,0.00
1071,158,"16-5-2025 04:45",support_request,0.00
1072,158,"07/06/2025 17:00",purchase,15.00
1073,159,"3/5/2025 15:14",registration,0.00
1074,160,"7.2.25 09:40",registration,0.00
1075,160,"09/02/2025 17:20","",20.00
1076,160,"10.03.2025 06:41",view_content,0.00
1077,160,"31/03/2025 05:23",login,0.00
1078,160,"14/04/2025 22:10",view_content,0.00
1079,161,"17.06.2025 16:31",registration,0.00
1080,161,"28/6/2025 11:03",view_content,0.00
1081,161,"10-7-2025 23:23",login,0.00
1082,161,"27.7.25 01:10",login,0.00
1083,161,"11/8/2025 15:45",view_content,0.00
1084,161,"11.9.25 18:26",login,0.00
1085,161,"28/10/2025 23:22",view_content,0.00
1086,161,"22-11-2025 07:55",view_content,0.00
1087,161,"6.12.25 06:15",view_content,0.00
1088,161,"7-2-2026 23:35",login,0.00
1089,161,"22.01.2026 03:18",login,0.00
1090,162,"10/6/2025 22:19",registration,0.00
1091,163,"19.02.2025 12:25",registration,0.00
1092,163,"6.4.25 10:37",login,0.00
1093,163,"14-4-2025 16:14",play_video,0.00
1094,163,"15/07/2025 09:37",view_content,0.00
1095,164,"24/04/2025 18:32",registration,0.00
1096,164,"18.05.2025 21:53",view_content,0.00
1097,164,"20/6/2025 16:23",view_content,0.00
1098,164,"19-6-2025 11:17",login,0.00
1099,164,"29-6-2025 23:59",view_content,0.00
1100,164,"25/07/2025 07:46",login,0.00
1101,164,"03.08.2025 20:07",view_content,0.00
1102,165,"28/6/2025 13:03",registration,0.00
1103,165,"22/07/2025 07:48",login,0.00
1104,165,"12/07/2025 19:50",view_content,0.00
1105,165,"13/08/2025 09:04",play_video,0.00
1106,165,"19-10-2025 14:54",play_video,0.00
1107,165,"29/11/2025 09:41",login,0.00
1108,165,"26.11.2025 13:58",login,0.00
1109,166,"28/04/2025 06:09",registration,0.00
1110,166,"29.06.2025 01:04",login,0.00
1111,166,"16.7.25 02:52",login,0.00
1112,166,"10/08/2025 3:49",play_video,0.00
1113,166,"17.10.25 19:02",view_content,0.00
1114,166,"30/9/2025 17:52",login,0.00
1115,167,"12/2/2025 19:41",registration,0.00
1116,167,"6/3/2025 15:28",login,0.00
1117,167,"8-3-2025 17:12",login,0.00
1118,167,"25.3.25 21:40",cancel,0.00
1119,167,"09/04/2025 23:36",play_video,0.00
1120,167,"10.05.2025 17:33",play_video,0.00
1121,167,"27/05/2025 22:20",view_content,0.00
1122,167,"08.06.2025 06:34",view_content,0.00
1123,167,"22.06.2025 11:33",login,0.00
1124,167,"17/7/2025 09:57",login,0.00
1125,167,"15.8.25 19:06",login,0.00
1126,167,"14.08.2025 13:12",login,0.00
1127,167,"6-11-2025 4:47",view_content,0.00
1128,168,"02.05.2025 20:10",registration,0.00
1129,168,"11.6.25 02:13",play_video,0.00
1130,168,"16.06.2025 23:20",login,0.00
1131,168,"28.07.2025 23:13",view_content,0.00
1132,168,"25.07.2025 07:28",play_video,0.00
1133,168,"22/8/2025 20:11",view_content,0.00
1134,168,"9/8/2025 13:13",support_request,0.00
1135,168,"10/09/2025 4:28",login,0.00
1136,169,"30.6.25 23:14",registration,0.00
1137,169,"6-8-2025 15:17",view_content,0.00
1138,170,"12.06.2025 16:57",registration,0.00
1139,170,"28.6.25 10:36",login,0.00
1140,170,"15/06/2025 13:28",login,0.00
1141,170,"28-7-2025 12:10",view_content,0.00
1142,170,"2/9/2025 13:07",login,0.00
1143,170,"22.9.25 10:45",play_video,0.00
1144,170,"15.10.2025 00:10",login,0.00
1145,171,"21/4/2025 07:16",registration,0.00
1146,172,"31/1/2025 00:05",registration,0.00
1147,172,"13.02.2025 23:43",play_video,0.00
1148,172,"15/02/2025 17:48",view_content,0.00
1149,172,"12.4.25 20:06",support_request,0.00
1150,172,"24.05.2025 22:23",view_content,0.00
1151,172,"5.7.25 00:52",login,0.00
1152,172,"30-7-2025 12:09",view_content,0.00
1153,172,"29-9-2025 23:40",purchase,20.00
1154,173,"09/05/2025 18:17",registration,0.00
1155,173,"26/05/2025 11:14",view_content,0.00
1156,173,"25.06.2025 01:58",view_content,0.00
1157,173,"10/7/2025 11:34",view_content,0.00
1158,173,"12/07/2025 3:01",login,0.00
1159,173,"18-8-2025 07:50",play_video,0.00
1160,174,"13/01/2025 14:30",registration,0.00
1161,174,"28/1/2025 00:05",login,0.00
1162,174,"06.03.2025 04:18",view_content,0.00
1163,175,"7.4.25 14:41",registration,0.00
1164,175,"26/5/2025 12:55",login,0.00
1165,176,"22/5/2025 08:42",registration,0.00
1166,176,"4/7/2025 7:14",login,0.00
1167,177,"3.6.25 17:55",registration,0.00
1168,177,"19-6-2025 00:41",view_content,0.00
1169,177,"09.06.2025 09:47",login,0.00
1170,177,"5.7.25 06:47",play_video,0.00
1171,177,"27.7.25 07:55",login,0.00
1172,177,"25.08.2025 07:26",login,0.00
1173,177,"29.08.2025 10:35",view_content,0.00
1174,177,"18-9-2025 16:33",view_content,0.00
1175,177,"28.9.25 16:21",view_content,0.00
1176,177,"16/10/2025 05:48",login,0.00
1177,177,"22-12-2025 16:29",view_content,0.00
1178,178,"8.6.25 18:01",registration,0.00
1179,178,"2.7.25 21:19",login,0.00
1180,178,"18.8.25 11:52",view_content,0.00
1181,178,"24-10-2025 10:48",login,0.00
1182,178,"3.11.25 17:10",login,0.00
1183,179,"16.2.25 14:36",registration,0.00
1184,179,"8.3.25 17:42",play_video,0.00
1185,179,"09.03.2025 17:52",view_content,0.00
1186,179,"30/3/2025 06:05",purchase,10.00
1187,179,"28-3-2025 00:24",login,0.00
1188,179,"09/08/2025 14:39",login,0.00
1189,180,"9.6.25 10:15",registration,0.00
1190,180,"11.06.2025 10:45",login,0.00
1191,180,"02/09/2025 14:57",purchase,10.00
1192,180,"3/9/2025 18:14",play_video,0.00
1193,180,"21/09/2025 08:47",play_video,0.00
1194,181,"13/05/2025 20:17",registration,0.00
1195,181,"22.05.2025 08:51",login,0.00
1196,181,"21/5/2025 13:17",view_content,0.00
1197,181,"29/06/2025 12:32",view_content,0.00
1198,181,"29-6-2025 17:00",cancel,0.00
1199,182,"5/2/2025 8:11",registration,0.00
1200,182,"20-2-2025 12:22",login,0.00
1201,182,"08/05/2025 18:50",play_video,0.00
1202,182,"24.6.25 09:55",login,0.00
1203,182,"10.6.25 22:15",play_video,0.00
1204,182,"24/07/2025 05:07",view_content,0.00
1205,182,"16/07/2025 10:24",play_video,0.00
1206,183,"27/4/2025 18:17",registration,0.00
1207,183,"18/5/2025 02:58",play_video,0.00
1208,183,"3/7/2025 13:47",view_content,0.00
1209,183,"10/7/2025 13:29",view_content,0.00
1210,183,"05/08/2025 8:16",play_video,0.00
1211,183,"13/08/2025 09:16",cancel,0.00
1212,184,"08/03/2025 13:48",registration,0.00
1213,184,"15.3.25 06:22",play_video,0.00
1214,184,"17.03.2025 02:20",view_content,0.00
1215,184,"2/6/2025 5:50",login,0.00
1216,184,"11/05/2025 20:46",login,0.00
1217,184,"2.7.25 08:13",cancel,0.00
1218,184,"8.7.25 01:33",cancel,0.00
1219,185,"27.01.2025 06:03",registration,0.00
1220,185,"1/2/2025 18:07",login,0.00
1221,185,"22-2-2025 00:32",login,0.00
1222,185,"10/3/2025 4:11",view_content,0.00
1223,185,"17.4.25 14:42",login,0.00
1224,185,"18.4.25 10:39",view_content,0.00
1225,185,"24/6/2025 00:08",login,0.00
1226,185,"08.07.2025 10:29",view_content,0.00
1227,185,"13-7-2025 17:31",view_content,0.00
1228,186,"10.04.2025 16:38",registration,0.00
1229,186,"20.4.25 21:23",view_content,0.00
1230,186,"28-4-2025 10:52",login,0.00
1231,186,"1/6/2025 7:07",view_content,0.00
1232,186,"24.06.2025 23:50",login,0.00
1233,186,"18/07/2025 10:48",login,0.00
1234,186,"3/8/2025 7:14",login,0.00
1235,186,"25/08/2025 20:56",view_content,0.00
1236,186,"28.8.25 05:08",cancel,0.00
1237,187,"25-6-2025 23:17",registration,0.00
1238,187,"06/07/2025 13:33",login,0.00
1239,187,"4.7.25 01:02",view_content,0.00
1240,187,"13/8/2025 16:14",cancel,0.00
1241,187,"07.09.2025 14:48",play_video,0.00
1242,187,"06.10.2025 23:43",view_content,0.00
1243,187,"26/10/2025 11:11",view_content,0.00
1244,187,"02/11/2025 10:41",login,0.00
1245,187,"29-11-2025 21:32",purchase,10.00
1246,188,"15/05/2025 08:40",registration,0.00
1247,188,"31-5-2025 00:55",login,0.00
1248,188,"27/05/2025 09:21",play_video,0.00
1249,188,"14/06/2025 15:40",test_event,0.00
1250,188,"27.6.25 20:11",login,0.00
1251,188,"1-9-2025 6:29",login,0.00
1252,188,"3-10-2025 18:33",view_content,0.00
1253,188,"12-9-2025 19:20",view_content,0.00
1254,188,"29.10.25 06:59",play_video,0.00
1255,188,"06/11/2025 21:02",view_content,0.00
1256,188,"17.11.2025 19:27",login,0.00
1257,188,"15/11/2025 10:14",view_content,0.00
1258,189,"23-5-2025 17:31",registration,0.00
1259,189,"31/5/2025 03:50",view_content,0.00
1260,189,"24.6.25 11:10",play_video,0.00
1261,189,"05/07/2025 2:51",login,0.00
1262,189,"24/07/2025 03:39",view_content,0.00
1263,189,"5.8.25 02:13",login,0.00
1264,189,"29.8.25 05:47",view_content,0.00
1265,189,"29.09.2025 15:41",login,0.00
1266,189,"3-10-2025 8:35",view_content,0.00
1267,189,"17/11/2025 03:52",view_content,0.00
1268,189,"28.11.25 08:39",view_content,0.00
1269,189,"22.11.25 15:37",login,0.00
1270,189,"12/02/2026 6:15",purchase,15.00
1271,189,"3/2/2026 9:21",login,0.00
1272,190,"15.4.25 00:52",registration,0.00
1273,190,"8/5/2025 8:59",login,0.00
1274,190,"30-5-2025 10:55",login,0.00
1275,190,"31/05/2025 09:15",login,0.00
1276,190,"9-7-2025 4:54",view_content,0.00
1277,190,"16.6.25 00:26",login,0.00
1278,190,"08/09/2025 20:50",cancel,0.00
1279,191,"13/02/2025 01:01",registration,0.00
1280,191,"4.3.25 22:57",purchase,10.00
1281,191,"26-2-2025 18:10",view_content,0.00
1282,191,"21-3-2025 04:34",play_video,0.00
1283,191,"21.4.25 20:48",view_content,0.00
1284,191,"27/7/2025 03:58",cancel,0.00
1285,191,"09/08/2025 22:51",view_content,0.00
1286,192,"21-5-2025 04:12",registration,0.00
1287,192,"9-6-2025 20:33",login,0.00
1288,193,"23.04.2025 00:51",registration,0.00
1289,193,"9/5/2025 10:37",purchase,20.00
1290,193,"20.05.2025 15:52",play_video,0.00
1291,193,"31-5-2025 11:27",login,0.00
1292,193,"11.6.25 21:10",play_video,0.00
1293,194,"09.06.2025 06:22",registration,0.00
1294,194,"13.06.2025 06:31",view_content,0.00
1295,194,"24/10/2025 08:52",login,0.00
1296,194,"19.10.2025 22:49",play_video,0.00
1297,194,"24/11/2025 00:31",view_content,0.00
1298,195,"05.03.2025 19:31",registration,0.00
1299,195,"26.3.25 20:31",view_content,0.00
1300,195,"16/04/2025 07:50",view_content,0.00
1301,195,"13.04.2025 12:35",view_content,0.00
1302,195,"6.5.25 18:33",login,0.00
1303,195,"11.7.25 23:47",purchase,20.00
1304,195,"28.07.2025 20:38",cancel,0.00
1305,195,"04.08.2025 00:53",play_video,0.00
1306,195,"4/9/2025 7:26",login,0.00
1307,195,"27/09/2025 21:09",login,0.00
1308,196,"30.05.2025 22:48",registration,0.00
1309,196,"19/06/2025 00:21",login,0.00
1310,196,"25/06/2025 20:23",view_content,0.00
1311,196,"20.7.25 16:55",login,0.00
1312,196,"12/8/2025 19:26",view_content,0.00
1313,196,"15-8-2025 10:58",login,0.00
1314,196,"18/09/2025 00:35",play_video,0.00
1315,196,"24.10.2025 03:13",play_video,0.00
1316,196,"29/10/2025 10:47",login,0.00
1317,196,"29-12-2025 10:41",support_request,0.00
1318,197,"19/01/2025 21:48",registration,0.00
1319,197,"15/02/2025 14:11",login,0.00
1320,197,"29-1-2025 19:48",view_content,0.00
1321,197,"12/3/2025 20:01",play_video,0.00
1322,197,"4/3/2025 9:02",login,0.00
1323,197,"4/4/2025 13:59",play_video,0.00
1324,197,"16/05/2025 22:04",view_content,0.00
1325,198,"30.05.2025 22:45",registration,0.00
1326,198,"31-5-2025 18:11",view_content,0.00
1327,198,"5.6.25 22:57",view_content,0.00
1328,198,"17.07.2025 10:31",view_content,0.00
1329,198,"23/09/2025 14:25",view_content,0.00
1330,199,"22.1.25 10:36",registration,0.00
1331,199,"17.2.25 13:39",view_content,0.00
1332,199,"26-3-2025 15:37",play_video,0.00
1333,199,"09.05.2025 01:27",view_content,0.00
1334,199,"15.06.2025 13:10",view_content,0.00
1335,199,"22/5/2025 18:37",view_content,0.00
1336,199,"2-7-2025 0:42",purchase,10.00
1337,199,"3/8/2025 3:49",login,0.00
1338,199,"23.07.2025 03:33",login,0.00
1339,200,"12.3.25 00:25",registration,0.00
1340,200,"27-3-2025 14:54",view_content,0.00
1341,200,"14-3-2025 05:44",login,0.00
1342,200,"1/6/2025 16:48",login,0.00
1343,200,"13/05/2025 21:57",login,0.00
1344,200,"29/6/2025 11:11",cancel,0.00
1345,200,"12/8/2025 1:21",view_content,0.00
1346,200,"03.09.2025 18:45",view_content,0.00
1347,200,"14/09/2025 11:58",login,0.00
1348,200,"28.09.2025 12:42",view_content,0.00
1349,200,"4/11/2025 12:03",view_content,0.00
1350,200,"19/10/2025 14:28",view_content,0.00
1351,200,"11/12/2025 16:53",login,0.00
1352,201,"21/5/2025 13:47",registration,0.00
1353,201,"17-6-2025 06:55",view_content,0.00
1354,202,"18.2.25 10:18",registration,0.00
1355,202,"07.04.2025 20:25",login,0.00
1356,202,"20/03/2025 10:18",view_content,0.00
1357,202,"26.04.2025 08:56",view_content,0.00
1358,202,"03/05/2025 12:23",login,0.00
1359,202,"04.06.2025 17:30",view_content,0.00
1360,202,"4.6.25 14:57",view_content,0.00
1361,203,"7-2-2025 17:48",registration,0.00
1362,203,"23.02.2025 18:32",view_content,0.00
1363,203,"4.4.25 17:03",login,0.00
1364,203,"25/04/2025 09:05",login,0.00
1365,203,"5/5/2025 18:40",cancel,0.00
1366,203,"28-5-2025 00:21",login,0.00
1367,203,"16.5.25 00:45",purchase,30.00
1368,203,"13.08.2025 21:22",login,0.00
1369,204,"21/05/2025 10:24",registration,0.00
1370,204,"02/06/2025 22:49",view_content,0.00
1371,204,"15/07/2025 02:57",view_content,0.00
1372,205,"15/5/2025 08:39",registration,0.00
1373,205,"03/06/2025 10:12",view_content,0.00
1374,205,"23.6.25 06:33",play_video,0.00
1375,205,"22.6.25 01:46",support_request,0.00
1376,205,"31/7/2025 21:53",play_video,0.00
1377,205,"26.07.2025 23:06",view_content,0.00
1378,205,"30/8/2025 15:07",view_content,0.00
1379,205,"27.09.2025 14:51",view_content,0.00
1380,205,"27/09/2025 21:23",play_video,0.00
1381,205,"24/10/2025 09:49",login,0.00
1382,205,"27-10-2025 01:27",login,0.00
1383,205,"28/11/2025 22:55",login,0.00
1384,206,"30/04/2025 14:03",registration,0.00
1385,206,"2-5-2025 12:07",login,0.00
1386,206,"23.5.25 07:29",view_content,0.00
1387,206,"22.06.2025 21:02",view_content,0.00
1388,206,"3-7-2025 15:03",view_content,0.00
1389,206,"08/08/2025 12:48",view_content,0.00
1390,206,"1.8.25 23:31",login,0.00
1391,206,"29/10/2025 12:05",login,0.00
1392,206,"31/10/2025 13:24",view_content,0.00
1393,206,"20/12/2025 01:32",login,0.00
1394,207,"3.4.25 04:46",registration,0.00
1395,207,"17/05/2025 23:40",login,0.00
1396,207,"13/05/2025 06:37",view_content,0.00
1397,208,"10/05/2025 17:40",registration,0.00
1398,208,"07/06/2025 1:51",login,0.00
1399,208,"14/6/2025 14:44",view_content,0.00
1400,209,"2/1/2025 10:40",registration,0.00
1401,209,"3-1-2025 22:14",view_content,0.00
1402,209,"8.1.25 07:52",play_video,0.00
1403,209,"06/03/2025 20:04",view_content,0.00
1404,209,"24/3/2025 09:46",play_video,0.00
1405,209,"26.4.25 16:09",login,0.00
1406,209,"19/5/2025 21:41",login,0.00
1407,209,"06/05/2025 11:58",login,0.00
1408,209,"6.6.25 12:27",login,0.00
1409,209,"20.06.2025 10:38",login,0.00
1410,210,"12.03.2025 20:53",registration,0.00
1411,210,"16.6.25 13:29",login,0.00
1412,211,"31.5.25 13:40",registration,0.00
1413,211,"01.06.2025 06:15",login,0.00
1414,211,"23.6.25 01:31",support_request,0.00
1415,211,"05/07/2025 20:40",view_content,0.00
1416,211,"7-7-2025 7:40",view_content,0.00
1417,211,"08/08/2025 6:00",cancel,0.00
1418,211,"17/10/2025 08:53",login,0.00
1419,211,"7.10.25 08:44",login,0.00
1420,211,"14.11.25 03:50",view_content,0.00
1421,212,"30/06/2025 13:17",registration,0.00
1422,212,"19/7/2025 17:46",login,0.00
1423,212,"09.08.2025 01:48",login,0.00
1424,212,"10/08/2025 4:36",login,0.00
1425,213,"18-6-2025 18:51",registration,0.00
1426,213,"12/07/2025 10:24",view_content,0.00
1427,213,"24-7-2025 18:46",view_content,0.00
1428,213,"27/08/2025 07:53",login,0.00
1429,213,"9.11.25 20:21",login,0.00
1430,213,"16-11-2025 15:43",login,0.00
1431,213,"19.11.25 01:36",login,0.00
1432,214,"7-2-2025 16:47",registration,0.00
1433,214,"27-2-2025 15:54",view_content,0.00
1434,214,"21.02.2025 02:11",view_content,0.00
1435,214,"27.4.25 07:02",play_video,0.00
1436,214,"16-4-2025 05:10",view_content,0.00
1437,214,"03/06/2025 23:19",view_content,0.00
1438,214,"29/08/2025 05:14",login,0.00
1439,214,"23-8-2025 03:28",view_content,0.00
1440,215,"16.3.25 21:52",registration,0.00
1441,215,"5-4-2025 15:18",login,0.00
1442,215,"21.3.25 10:34",login,0.00
1443,215,"12/5/2025 8:26",purchase,20.00
1444,215,"26/4/2025 08:18",play_video,0.00
1445,215,"27/05/2025 18:56",play_video,0.00
1446,215,"18.5.25 22:01",play_video,0.00
1447,215,"22.6.25 12:02",view_content,0.00
1448,215,"07.08.2025 20:21",view_content,0.00
1449,215,"09/09/2025 13:06",login,0.00
1450,215,"4/10/2025 11:41",login,0.00
1451,215,"23/11/2025 19:36",view_content,0.00
1452,216,"20.2.25 17:03",registration,0.00
1453,216,"28-2-2025 23:57",play_video,0.00
1454,216,"12-4-2025 13:37",login,0.00
1455,216,"18-4-2025 23:43",view_content,0.00
1456,216,"08.07.2025 06:06",play_video,0.00
1457,216,"04/07/2025 3:45",login,0.00
1458,216,"09.08.2025 23:32",cancel,0.00
1459,216,"28-7-2025 00:02",login,0.00
1460,216,"29/8/2025 04:12",play_video,0.00
1461,216,"25.9.25 22:28",login,0.00
1462,216,"19/09/2025 20:33",login,0.00
1463,217,"14-4-2025 04:12",registration,0.00
1464,217,"16/4/2025 20:36",login,0.00
1465,217,"28.5.25 23:59",login,0.00
1466,217,"29.05.2025 09:03",login,0.00
1467,217,"24/06/2025 02:00",view_content,0.00
1468,217,"06.07.2025 07:16",play_video,0.00
1469,217,"25.07.2025 18:10",login,0.00
1470,217,"16/07/2025 16:47",cancel,0.00
1471,217,"5.9.25 19:19",login,0.00
1472,217,"07/10/2025 5:30",play_video,0.00
1473,217,"23/10/2025 20:08",view_content,0.00
1474,217,"16.10.25 19:06","",0.00
1475,218,"22.2.25 18:33",registration,0.00
1476,218,"19/3/2025 22:26",login,0.00
1477,218,"20.4.25 09:40",support_request,0.00
1478,218,"18.4.25 09:43",play_video,0.00
1479,218,"15-5-2025 15:02",login,0.00
1480,218,"12.06.2025 01:09",login,0.00
1481,218,"17.6.25 14:14",login,0.00
1482,218,"14.08.2025 16:45",login,0.00
1483,218,"6-8-2025 19:14",view_content,0.00
1484,218,"17.9.25 15:40",view_content,0.00
1485,218,"23.8.25 18:15",purchase,20.00
1486,218,"16-10-2025 09:34",play_video,0.00
1487,218,"08/10/2025 12:39",view_content,0.00
1488,218,"08.11.2025 23:49",play_video,0.00
1489,218,"3.11.25 11:33",login,0.00
1490,219,"01/02/2025 21:06",registration,0.00
1491,219,"25/02/2025 21:12",login,0.00
1492,219,"19/2/2025 07:40",login,0.00
1493,219,"07.03.2025 21:19",view_content,0.00
1494,219,"21-4-2025 15:00",view_content,0.00
1495,219,"19-4-2025 13:28",login,0.00
1496,219,"02.06.2025 16:52",play_video,0.00
1497,219,"19/07/2025 23:12",login,0.00
1498,220,"23/1/2025 06:25",registration,0.00
1499,220,"10/3/2025 11:36",play_video,0.00
1500,220,"20/5/2025 04:02",login,0.00
1501,221,"7/6/2025 1:04",registration,0.00
1502,221,"9-6-2025 1:32",login,0.00
1503,221,"29.07.2025 14:33",test_event,0.00
1504,221,"21.08.2025 17:01",login,0.00
1505,221,"1-9-2025 18:58",play_video,0.00
1506,221,"12.10.25 01:09",purchase,15.00
1507,221,"05/12/2025 1:40",view_content,0.00
1508,222,"22/02/2025 01:55",registration,0.00
1509,222,"10.4.25 10:45",play_video,0.00
1510,222,"20.4.25 23:53",view_content,0.00
1511,222,"17-5-2025 17:46",cancel,0.00
1512,222,"28-4-2025 01:14",view_content,0.00
1513,222,"28/05/2025 21:20",login,0.00
1514,223,"11/4/2025 22:55",registration,0.00
1515,223,"7-5-2025 14:17",login,0.00
1516,223,"15.4.25 23:57",purchase,30.00
1517,223,"28/5/2025 10:56",play_video,0.00
1518,223,"23.10.2025 04:46",view_content,0.00
1519,224,"05.04.2025 03:06",registration,0.00
1520,224,"16/5/2025 21:16",view_content,0.00
1521,224,"25/06/2025 15:51",view_content,0.00
1522,224,"05.06.2025 19:49",play_video,0.00
1523,224,"14/07/2025 04:05",login,0.00
1524,224,"27/7/2025 21:21",login,0.00
1525,224,"11/09/2025 1:06",login,0.00
1526,224,"19.10.25 17:42",login,0.00
1527,224,"26/10/2025 04:31",login,0.00
1528,224,"6/1/2026 6:31",login,0.00
1529,224,"19/01/2026 14:51",view_content,0.00
1530,225,"25/4/2025 09:14",registration,0.00
1531,225,"17.06.2025 23:57",login,0.00
1532,225,"19.07.2025 09:39",login,0.00
1533,225,"2.7.25 02:01",login,0.00
1534,225,"21.08.2025 02:37",view_content,0.00
1535,225,"9/9/2025 1:38",view_content,0.00
1536,225,"20.09.2025 02:10",login,0.00
1537,226,"13.05.2025 16:09",registration,0.00
1538,226,"7-7-2025 10:29",login,0.00
1539,226,"9-8-2025 9:31",view_content,0.00
1540,226,"31.08.2025 16:26",login,0.00
1541,226,"14-9-2025 02:08",login,0.00
1542,226,"15/9/2025 19:47",play_video,0.00
1543,227,"23/4/2025 15:16",registration,0.00
1544,227,"26-5-2025 19:02",login,0.00
1545,227,"3-6-2025 23:13",play_video,0.00
1546,227,"06.08.2025 18:10",login,0.00
1547,227,"1.8.25 06:31",play_video,0.00
1548,228,"22/02/2025 10:04",registration,0.00
1549,228,"07.04.2025 15:12",view_content,0.00
1550,228,"23.05.2025 20:59",view_content,0.00
1551,228,"12.6.25 09:20",support_request,0.00
1552,228,"5/7/2025 11:02",view_content,0.00
1553,228,"16-7-2025 23:33",login,0.00
1554,228,"11/8/2025 23:45",login,0.00
1555,228,"31.08.2025 04:43",login,0.00
1556,228,"2/10/2025 0:35",view_content,0.00
1557,228,"1.10.25 20:35",login,0.00
1558,229,"2.4.25 05:57",registration,0.00
1559,229,"18/4/2025 01:24",login,0.00
1560,229,"15/06/2025 18:41",play_video,0.00
1561,229,"20.6.25 09:55",view_content,0.00
1562,229,"12/8/2025 3:20",login,0.00
1563,229,"16/09/2025 21:45",view_content,0.00
1564,229,"21/09/2025 20:25",login,0.00
1565,229,"26/10/2025 14:35",view_content,0.00
1566,229,"08/12/2025 18:40",login,0.00
1567,229,"13.1.26 07:56",purchase,10.00
1568,230,"25.04.2025 03:34",registration,0.00
1569,230,"9-5-2025 5:05",login,0.00
1570,230,"19/5/2025 09:12",login,0.00
1571,230,"5-6-2025 0:26",login,0.00
1572,230,"31/05/2025 06:19",play_video,0.00
1573,230,"07.07.2025 11:59",login,0.00
1574,230,"16.07.2025 21:25",login,0.00
1575,230,"3/8/2025 12:50",login,0.00
1576,230,"15.09.2025 13:13",play_video,0.00
1577,230,"18/11/2025 05:36",login,0.00
1578,230,"01.11.2025 20:46",view_content,0.00
1579,230,"15.12.2025 07:17",login,0.00
1580,231,"19/01/2025 23:07",registration,0.00
1581,231,"13.02.2025 05:33",view_content,0.00
1582,231,"28.1.25 21:17",view_content,0.00
1583,231,"14/5/2025 12:37",view_content,0.00
1584,232,"07.05.2025 01:30",registration,0.00
1585,232,"22.05.2025 15:57",login,0.00
1586,232,"13.05.2025 21:28",login,0.00
1587,232,"29-6-2025 18:12",view_content,0.00
1588,232,"10-7-2025 15:37",login,0.00
1589,232,"01/08/2025 16:40",view_content,0.00
1590,232,"16.08.2025 21:25",login,0.00
1591,233,"26.02.2025 10:38",registration,0.00
1592,233,"5.3.25 05:35",login,0.00
1593,233,"5-4-2025 9:05",view_content,0.00
1594,233,"20.5.25 21:16",play_video,0.00
1595,233,"01/05/2025 12:12",view_content,0.00
1596,233,"16/6/2025 21:51",view_content,0.00
1597,233,"20/7/2025 21:29",login,0.00
1598,233,"04.08.2025 10:07",view_content,0.00
1599,233,"14/9/2025 21:57",login,0.00
1600,234,"5.2.25 05:30",registration,0.00
1601,234,"24.3.25 14:20",login,0.00
1602,235,"20.1.25 12:23",registration,0.00
1603,235,"05/02/2025 12:41",login,0.00
1604,235,"30.1.25 21:16",view_content,0.00
1605,235,"7.3.25 21:42",login,0.00
1606,235,"24.03.2025 14:28",support_request,0.00
1607,235,"11.5.25 08:15",view_content,0.00
1608,235,"18/5/2025 04:32",login,0.00
1609,235,"21-6-2025 09:34",play_video,0.00
1610,235,"25/06/2025 07:40",login,0.00
1611,235,"28.07.2025 15:47",login,0.00
1612,236,"6-3-2025 6:13",registration,0.00
1613,236,"12/3/2025 19:01",login,0.00
1614,236,"29/3/2025 12:35",play_video,0.00
1615,236,"24/04/2025 21:47",view_content,0.00
1616,236,"14.4.25 11:53",view_content,0.00
1617,237,"11.2.25 01:34",registration,0.00
1618,237,"9.3.25 08:47",play_video,0.00
1619,237,"4.3.25 18:14",login,0.00
1620,237,"24/03/2025 10:21",login,0.00
1621,237,"22.03.2025 23:41",view_content,0.00
1622,237,"4-5-2025 6:29",test_event,0.00
1623,237,"15.5.25 19:18",login,0.00
1624,237,"7/6/2025 14:49",login,0.00
1625,237,"25/6/2025 12:40",login,0.00
1626,237,"27/6/2025 08:35",play_video,0.00
1627,238,"6-5-2025 9:35",registration,0.00
1628,238,"12/05/2025 19:20",view_content,0.00
1629,238,"17/5/2025 14:03",view_content,0.00
1630,238,"31.07.2025 13:11",support_request,0.00
1631,238,"22.07.2025 08:21",login,0.00
1632,238,"28-9-2025 08:24",view_content,0.00
1633,238,"7/9/2025 8:08",view_content,0.00
1634,238,"26/10/2025 13:27",view_content,0.00
1635,238,"19.11.25 04:40",view_content,0.00
1636,238,"10.11.2025 17:20",login,0.00
1637,239,"15-1-2025 12:09",registration,0.00
1638,239,"26.01.2025 14:39",login,0.00
1639,239,"18-2-2025 23:10",view_content,0.00
1640,239,"27-4-2025 00:54",purchase,20.00
1641,239,"18-5-2025 21:39",view_content,0.00
1642,239,"9.7.25 15:08",purchase,20.00
1643,239,"27-6-2025 12:18",view_content,0.00
1644,239,"07.09.2025 20:12",view_content,0.00
1645,239,"29-8-2025 05:54",play_video,0.00
1646,240,"05/02/2025 17:42",registration,0.00
1647,240,"23/2/2025 06:21",view_content,0.00
1648,240,"22.2.25 17:43",cancel,0.00
1649,240,"18/03/2025 14:18",purchase,10.00
1650,240,"14.5.25 01:30",view_content,0.00
1651,240,"24/06/2025 15:26",purchase,10.00
1652,241,"15.1.25 15:20",registration,0.00
1653,241,"30/1/2025 04:25",play_video,0.00
1654,241,"21/2/2025 14:05",view_content,0.00
1655,241,"10/4/2025 18:36",login,0.00
1656,241,"11/6/2025 8:54",play_video,0.00
1657,241,"31.05.2025 05:28",login,0.00
1658,241,"01/07/2025 12:09",play_video,0.00
1659,241,"24.07.2025 01:29","",0.00
1660,241,"25.7.25 01:59",view_content,0.00
1661,242,"14/4/2025 11:53",registration,0.00
1662,242,"26/05/2025 05:10",login,0.00
1663,242,"25/05/2025 03:40",view_content,0.00
1664,242,"30.08.2025 01:18",view_content,0.00
1665,242,"17.8.25 07:52",login,0.00
1666,243,"10-2-2025 19:49",registration,0.00
1667,243,"18.2.25 08:06",play_video,0.00
1668,243,"30-3-2025 20:31",play_video,0.00
1669,243,"15.4.25 17:27",play_video,0.00
1670,243,"22/04/2025 21:14",cancel,0.00
1671,243,"26/5/2025 05:52",view_content,0.00
1672,243,"03.06.2025 14:54",view_content,0.00
1673,243,"27.07.2025 00:42",view_content,0.00
1674,243,"21/7/2025 19:33",login,0.00
1675,244,"20/6/2025 20:42",registration,0.00
1676,244,"7.7.25 03:57",purchase,10.00
1677,244,"9/8/2025 10:08",play_video,0.00
1678,244,"1/9/2025 18:00",login,0.00
1679,244,"6/9/2025 10:50",view_content,0.00
1680,244,"20.09.2025 00:45",login,0.00
1681,244,"11/10/2025 9:25",login,0.00
1682,244,"19.10.2025 23:48",view_content,0.00
1683,244,"14-11-2025 17:11",login,0.00
1684,245,"17/5/2025 10:46",registration,0.00
1685,245,"19/5/2025 02:41",cancel,0.00
1686,245,"30/6/2025 14:33",login,0.00
1687,245,"17.6.25 02:09",view_content,0.00
1688,245,"17.7.25 00:37",login,0.00
1689,245,"05.08.2025 15:14",login,0.00
1690,245,"03/10/2025 22:44",login,0.00
1691,245,"9/10/2025 0:15",purchase,40.00
1692,245,"02.11.2025 21:45",cancel,0.00
1693,245,"27-2-2026 08:24",login,0.00
1694,246,"2.5.25 01:28",registration,0.00
1695,246,"25/5/2025 01:46",login,0.00
1696,246,"8/5/2025 13:54",login,0.00
1697,246,"9.6.25 05:41",login,0.00
1698,246,"3.7.25 00:52",view_content,0.00
1699,246,"31.7.25 07:37",login,0.00
1700,246,"1/9/2025 6:44",login,0.00
1701,246,"7.10.25 04:01",login,0.00
1702,247,"7/4/2025 3:53",registration,0.00
1703,247,"18/4/2025 19:46",login,0.00
1704,247,"23-6-2025 09:05",login,0.00
1705,247,"29-7-2025 16:57",login,0.00
1706,247,"31.7.25 13:47",login,0.00
1707,247,"20/08/2025 12:44",view_content,0.00
1708,247,"24-8-2025 11:24",login,0.00
1709,248,"03/05/2025 0:42",registration,0.00
1710,248,"7-5-2025 22:15",play_video,0.00
1711,248,"28/5/2025 18:07",play_video,0.00
1712,248,"26-6-2025 21:48",login,0.00
1713,248,"20-7-2025 12:11",play_video,0.00
1714,248,"07/08/2025 10:01",login,0.00
1715,248,"17/9/2025 17:48",play_video,0.00
1716,249,"19/6/2025 20:21",registration,0.00
1717,249,"3.7.25 04:55",view_content,0.00
1718,249,"09/07/2025 10:56",view_content,0.00
1719,249,"02/08/2025 23:33",play_video,0.00
1720,249,"29.07.2025 22:56",view_content,0.00
1721,249,"3.11.25 10:20",login,0.00
1722,249,"22.11.25 13:24",login,0.00
1723,249,"27-11-2025 08:05",login,0.00
1724,250,"5/1/2025 20:38",registration,0.00
1725,250,"7/1/2025 21:22",view_content,0.00
1726,250,"25/01/2025 03:30",view_content,0.00
1727,250,"20/2/2025 04:04",login,0.00
1728,250,"26.02.2025 13:05",play_video,0.00
1729,250,"29/04/2025 10:31",view_content,0.00
1730,250,"25.04.2025 03:07",view_content,0.00
1731,250,"27.05.2025 08:55",login,0.00
1732,250,"13.5.25 03:45",view_content,0.00
1733,250,"08/07/2025 16:53",support_request,0.00
1734,250,"25/7/2025 20:07",cancel,0.00
1735,250,"28.8.25 14:31",login,0.00
1736,250,"05/08/2025 12:40",play_video,0.00
1737,251,"1.5.25 10:45",registration,0.00
1738,251,"26-5-2025 14:32",login,0.00
1739,251,"4/6/2025 11:22",view_content,0.00
1740,251,"16.6.25 03:54",view_content,0.00
1741,251,"24/7/2025 02:47",view_content,0.00
1742,251,"12-7-2025 0:05",login,0.00
1743,251,"3-8-2025 0:49",view_content,0.00
1744,251,"19.08.2025 21:25",purchase,40.00
1745,251,"19/9/2025 23:02",login,0.00
1746,251,"22.09.2025 15:17",view_content,0.00
1747,251,"26.10.2025 07:33",purchase,20.00
1748,251,"8/10/2025 6:43",view_content,0.00
1749,252,"17-2-2025 11:51",registration,0.00
1750,252,"01.03.2025 01:38",view_content,0.00
1751,252,"28-3-2025 11:37",view_content,0.00
1752,252,"28.4.25 02:01",login,0.00
1753,252,"8/5/2025 0:31",purchase,20.00
1754,252,"27-6-2025 01:13",support_request,0.00
1755,252,"19/8/2025 00:03",view_content,0.00
1756,253,"23/4/2025 03:29",registration,0.00
1757,253,"08/05/2025 0:38",login,0.00
1758,253,"8-5-2025 9:34",login,0.00
1759,254,"25/3/2025 13:59",registration,0.00
1760,254,"04.04.2025 22:36",login,0.00
1761,254,"7/5/2025 4:15",login,0.00
1762,254,"08.06.2025 14:27",view_content,0.00
1763,254,"13/06/2025 05:41",view_content,0.00
1764,254,"27/6/2025 22:56",login,0.00
1765,254,"02/07/2025 15:40",view_content,0.00
1766,254,"2.9.25 07:17",view_content,0.00
1767,255,"3-1-2025 2:51",registration,0.00
1768,255,"6-1-2025 7:26",login,0.00
1769,255,"28.1.25 00:36",play_video,0.00
1770,255,"25.02.2025 18:37",view_content,0.00
1771,255,"17.2.25 07:38",view_content,0.00
1772,256,"16.01.2025 20:44",registration,0.00
1773,256,"20.1.25 06:12",login,0.00
1774,256,"06/02/2025 22:13",view_content,0.00
1775,256,"10-3-2025 5:08",view_content,0.00
1776,256,"01.06.2025 01:26",view_content,0.00
1777,256,"07/08/2025 2:23",login,0.00
1778,256,"26/08/2025 08:09",login,0.00
1779,256,"6/10/2025 2:15",login,0.00
1780,257,"3.3.25 17:12",registration,0.00
1781,257,"17/3/2025 00:29",login,0.00
1782,257,"8-4-2025 3:29",view_content,0.00
1783,257,"20.4.25 11:55",login,0.00
1784,257,"03.05.2025 00:46",cancel,0.00
1785,257,"16-6-2025 13:06",view_content,0.00
1786,257,"05/07/2025 3:17",view_content,0.00
1787,258,"18.6.25 01:18",registration,0.00
1788,258,"14/07/2025 15:35",login,0.00
1789,258,"31/7/2025 07:17",view_content,0.00
1790,259,"22.2.25 21:04",registration,0.00
1791,259,"09/04/2025 5:32",test_event,0.00
1792,259,"06/06/2025 22:53",login,0.00
1793,260,"19/01/2025 08:00",registration,0.00
1794,260,"7-3-2025 10:57",play_video,0.00
1795,261,"29.1.25 00:07",registration,0.00
1796,261,"31/1/2025 02:18",login,0.00
1797,261,"05.02.2025 12:13",play_video,0.00
1798,261,"23-3-2025 22:10",play_video,0.00
1799,261,"01.04.2025 08:21",play_video,0.00
1800,261,"10/05/2025 6:56",login,0.00
1801,261,"24/5/2025 15:29",view_content,0.00
1802,261,"1-6-2025 8:33",login,0.00
1803,262,"24.03.2025 22:42",registration,0.00
1804,262,"31/03/2025 00:33",play_video,0.00
1805,262,"05.04.2025 21:34",login,0.00
1806,262,"03.05.2025 04:59",view_content,0.00
1807,262,"14.6.25 16:26",login,0.00
1808,262,"1-7-2025 10:33",view_content,0.00
1809,262,"26-6-2025 13:05",support_request,0.00
1810,262,"2.8.25 02:08",view_content,0.00
1811,262,"17/8/2025 15:27",view_content,0.00
1812,262,"08.09.2025 09:52",play_video,0.00
1813,262,"13/09/2025 00:09",login,0.00
1814,263,"3-6-2025 3:08",registration,0.00
1815,263,"20.6.25 01:56",cancel,0.00
1816,263,"22.06.2025 04:00",purchase,20.00
1817,263,"24/07/2025 06:36",play_video,0.00
1818,263,"06/08/2025 22:37",login,0.00
1819,263,"26/09/2025 12:17",play_video,0.00
1820,264,"20.04.2025 22:25",registration,0.00
1821,264,"06/05/2025 18:45",login,0.00
1822,264,"29.04.2025 07:09",purchase,40.00
1823,264,"28/07/2025 13:24",login,0.00
1824,264,"27/08/2025 06:37",play_video,0.00
1825,264,"7/9/2025 8:42",view_content,0.00
1826,264,"3-10-2025 18:53",login,0.00
1827,264,"20/09/2025 08:13",play_video,0.00
1828,264,"5.11.25 09:50",purchase,20.00
1829,264,"27.10.2025 05:06",purchase,20.00
1830,265,"13.06.2025 05:38",registration,0.00
1831,265,"2.8.25 08:03",login,0.00
1832,266,"05.02.2025 14:46",registration,0.00
1833,266,"9-2-2025 21:52",view_content,0.00
1834,266,"31/3/2025 06:52",view_content,0.00
1835,266,"07/04/2025 8:23",login,0.00
1836,266,"2-5-2025 16:19",play_video,0.00
1837,266,"26.5.25 13:09",login,0.00
1838,266,"20-6-2025 15:21",login,0.00
1839,266,"12.7.25 20:55",login,0.00
1840,266,"10/8/2025 17:10",login,0.00
1841,266,"17/08/2025 10:04",play_video,0.00
1842,267,"31.03.2025 03:22",registration,0.00
1843,267,"9/4/2025 7:13",login,0.00
1844,267,"5.5.25 16:34",login,0.00
1845,267,"27/5/2025 10:24",play_video,0.00
1846,267,"10/6/2025 0:45",view_content,0.00
1847,267,"25-6-2025 18:08",play_video,0.00
1848,267,"26.7.25 20:05",view_content,0.00
1849,267,"11.07.2025 14:12",purchase,30.00
1850,267,"11/08/2025 7:45",login,0.00
1851,267,"10/8/2025 11:26",purchase,30.00
1852,267,"20.11.25 14:25",login,0.00
1853,268,"9-5-2025 10:07",registration,0.00
1854,268,"29/05/2025 10:21",view_content,0.00
1855,268,"20-6-2025 01:40",view_content,0.00
1856,268,"14/8/2025 12:36",play_video,0.00
1857,268,"14.8.25 09:58",login,0.00
1858,268,"29.9.25 17:29",view_content,0.00
1859,268,"02/11/2025 8:16",cancel,0.00
1860,268,"17.10.25 20:55",purchase,20.00
1861,268,"17/11/2025 07:18",login,0.00
1862,269,"13/04/2025 03:32",registration,0.00
1863,269,"16.05.2025 07:06",login,0.00
1864,269,"26/05/2025 19:19",play_video,0.00
1865,269,"3-8-2025 22:41",view_content,0.00
1866,269,"26/07/2025 11:21",view_content,0.00
1867,270,"20/05/2025 23:55",registration,0.00
1868,270,"21-6-2025 15:46",view_content,0.00
1869,270,"15-8-2025 18:45",view_content,0.00
1870,270,"1.9.25 08:19",login,0.00
1871,270,"25-8-2025 11:42",login,0.00
1872,270,"25/09/2025 18:23",support_request,0.00
1873,270,"09.10.2025 21:47",view_content,0.00
1874,270,"24.11.25 03:44",login,0.00
1875,270,"14/12/2025 17:13",login,0.00
1876,270,"21/12/2025 15:07",login,0.00
1877,270,"8.1.26 04:42",login,0.00
1878,271,"12-4-2025 3:05",registration,0.00
1879,271,"9-5-2025 10:34",login,0.00
1880,271,"27/05/2025 12:32",login,0.00
1881,271,"13.7.25 19:38",login,0.00
1882,271,"14/07/2025 20:09",purchase,10.00
1883,272,"22-5-2025 23:46",registration,0.00
1884,272,"18-7-2025 22:11",support_request,0.00
1885,272,"15-7-2025 19:56",play_video,0.00
1886,273,"13-5-2025 06:37",registration,0.00
1887,273,"15.05.2025 02:53",play_video,0.00
1888,274,"04/01/2025 13:33",registration,0.00
1889,274,"28/01/2025 09:30",view_content,0.00
1890,274,"25/1/2025 09:00",login,0.00
1891,274,"1/3/2025 9:34",play_video,0.00
1892,274,"01.03.2025 22:58",view_content,0.00
1893,274,"30.03.2025 08:17",login,0.00
1894,274,"18-3-2025 20:18",play_video,0.00
1895,274,"28.4.25 07:44",view_content,0.00
1896,274,"12/4/2025 20:34",login,0.00
1897,274,"26.05.2025 04:41",play_video,0.00
1898,274,"25.08.2025 06:52",login,0.00
1899,274,"18-10-2025 08:54",view_content,0.00
1900,275,"25.4.25 08:51",registration,0.00
1901,275,"30.04.2025 22:07",play_video,0.00
1902,275,"9.6.25 13:52",view_content,0.00
1903,276,"4/6/2025 4:26",registration,0.00
1904,276,"15/06/2025 19:54",support_request,0.00
1905,276,"29/06/2025 14:17",login,0.00
1906,276,"26/9/2025 14:58",login,0.00
1907,276,"23/10/2025 03:14",play_video,0.00
1908,277,"10/03/2025 19:19",registration,0.00
1909,277,"5.5.25 21:58",login,0.00
1910,277,"14/5/2025 09:20",login,0.00
1911,278,"11/4/2025 19:42",registration,0.00
1912,278,"28.04.2025 12:29",view_content,0.00
1913,278,"15.04.2025 14:20",play_video,0.00
1914,278,"31/5/2025 15:57",purchase,15.00
1915,278,"26-6-2025 21:54",support_request,0.00
1916,278,"25.6.25 05:46",support_request,0.00
1917,278,"16.07.2025 23:09",support_request,0.00
1918,278,"21/07/2025 04:53",login,0.00
1919,278,"25.08.2025 04:04",login,0.00
1920,278,"29.9.25 02:56",view_content,0.00
1921,279,"08.05.2025 21:18",registration,0.00
1922,279,"28-5-2025 07:35",view_content,0.00
1923,279,"25.6.25 16:58",login,0.00
1924,279,"4.8.25 01:18",login,0.00
1925,279,"18-8-2025 17:44",view_content,0.00
1926,279,"18/8/2025 16:59",view_content,0.00
1927,279,"06.09.2025 16:25",play_video,0.00
1928,279,"20/10/2025 18:08",play_video,0.00
1929,279,"20/10/2025 09:13",view_content,0.00
1930,280,"15.1.25 19:56",registration,0.00
1931,280,"21/01/2025 19:22",login,0.00
1932,280,"31-1-2025 01:24",login,0.00
1933,280,"16-2-2025 13:38",view_content,0.00
1934,280,"20.03.2025 09:24",view_content,0.00
1935,280,"20.4.25 23:32",login,0.00
1936,280,"27.4.25 21:50",login,0.00
1937,280,"27.05.2025 03:16",play_video,0.00
1938,280,"25.5.25 02:44",login,0.00
1939,280,"29/06/2025 12:10",purchase,15.00
1940,281,"11-4-2025 3:40",registration,0.00
1941,281,"19-5-2025 11:48",login,0.00
1942,281,"27/5/2025 15:03",cancel,0.00
1943,281,"30.6.25 20:18",login,0.00
1944,281,"10/6/2025 21:07",support_request,0.00
1945,281,"24.7.25 08:19",play_video,0.00
1946,281,"17-7-2025 00:14",play_video,0.00
1947,281,"10/08/2025 4:20",login,0.00
1948,281,"15/08/2025 13:51",support_request,0.00
1949,281,"09/09/2025 14:02",cancel,0.00
1950,282,"15.2.25 06:24",registration,0.00
1951,282,"24/2/2025 09:15",login,0.00
1952,282,"9.4.25 11:28",view_content,0.00
1953,282,"19/04/2025 22:38",login,0.00
1954,282,"7/7/2025 17:19",cancel,0.00
1955,282,"14/8/2025 17:00",view_content,0.00
1956,283,"19.01.2025 06:00",registration,0.00
1957,283,"01.02.2025 16:44",view_content,0.00
1958,283,"4.2.25 01:22",view_content,0.00
1959,283,"2-3-2025 8:10",login,0.00
1960,284,"24/02/2025 18:09",registration,0.00
1961,284,"27.2.25 00:22",login,0.00
1962,284,"13.05.2025 07:09",view_content,0.00
1963,285,"16-2-2025 03:05",registration,0.00
1964,285,"25-2-2025 20:14",login,0.00
1965,286,"25/5/2025 18:04",registration,0.00
1966,286,"07.06.2025 06:31",login,0.00
1967,286,"6-7-2025 2:19",login,0.00
1968,286,"25/7/2025 01:26",play_video,0.00
1969,286,"2-8-2025 12:11",login,0.00
1970,286,"07.09.2025 01:49",support_request,0.00
1971,287,"14/5/2025 07:15",registration,0.00
1972,287,"15-5-2025 08:35",login,0.00
1973,287,"23-5-2025 22:12",login,0.00
1974,288,"10/2/2025 23:45",registration,0.00
1975,288,"30.4.25 14:17",login,0.00
1976,288,"17.04.2025 04:32",login,0.00
1977,289,"25.01.2025 07:01",registration,0.00
1978,289,"25.01.2025 19:04",cancel,0.00
1979,289,"12/3/2025 9:44",play_video,0.00
1980,289,"24.02.2025 14:19",play_video,0.00
1981,289,"7/4/2025 14:29",view_content,0.00
1982,289,"16.5.25 22:46",login,0.00
1983,289,"07/06/2025 4:28",view_content,0.00
1984,289,"27/07/2025 20:57",purchase,10.00
1985,290,"16/06/2025 15:02",registration,0.00
1986,290,"25.6.25 10:56",view_content,0.00
1987,290,"04/07/2025 21:08",play_video,0.00
1988,290,"01/08/2025 19:15",view_content,0.00
1989,290,"19.07.2025 07:31",view_content,0.00
1990,290,"09/09/2025 17:21",view_content,0.00
1991,290,"2.11.25 12:22",purchase,20.00
1992,290,"7.12.25 01:40",login,0.00
1993,290,"23-11-2025 13:46",purchase,10.00
1994,291,"23-4-2025 02:57",registration,0.00
1995,291,"29/4/2025 12:20",login,0.00
1996,291,"14-5-2025 16:50",login,0.00
1997,291,"25.05.2025 07:30",view_content,0.00
1998,292,"11/5/2025 8:55",registration,0.00
1999,292,"5-6-2025 14:10",login,0.00
2000,292,"06.06.2025 04:53",view_content,0.00
2001,292,"12.06.2025 22:33",login,0.00
2002,292,"7-8-2025 0:15",play_video,0.00
2003,292,"24.07.2025 14:51",view_content,0.00
2004,292,"22/08/2025 20:20",login,0.00
2005,292,"18-8-2025 18:13",login,0.00
2006,292,"2-10-2025 9:00",view_content,0.00
2007,292,"30/09/2025 07:26",view_content,0.00
2008,293,"3-4-2025 13:30",registration,0.00
2009,293,"30-4-2025 22:29",login,0.00
2010,294,"07/01/2025 9:44",registration,0.00
2011,294,"28.1.25 03:52",view_content,0.00
2012,294,"3-2-2025 1:04",login,0.00
2013,294,"26/2/2025 13:24",purchase,20.00
2014,294,"28/2/2025 23:55",login,0.00
2015,294,"29.04.2025 16:37",view_content,0.00
2016,294,"22.04.2025 09:52",play_video,0.00
2017,294,"27/5/2025 08:29",view_content,0.00
2018,294,"9-5-2025 20:07",view_content,0.00
2019,294,"15.6.25 00:27",purchase,10.00
2020,294,"16.6.25 06:07",cancel,0.00
2021,294,"30/07/2025 16:38",view_content,0.00
2022,294,"08/09/2025 23:05",cancel,0.00
2023,294,"22/09/2025 19:45",view_content,0.00
2024,295,"10-2-2025 3:30",registration,0.00
2025,296,"23-5-2025 00:18",registration,0.00
2026,296,"28.06.2025 04:38",purchase,10.00
2027,296,"03/07/2025 0:25",view_content,0.00
2028,296,"23.07.2025 16:11",login,0.00
2029,296,"28-7-2025 17:45","",0.00
2030,296,"11-10-2025 4:38",login,0.00
2031,296,"10.10.25 10:01",view_content,0.00
2032,296,"03.12.2025 08:10",play_video,0.00
2033,297,"29/1/2025 00:43",registration,0.00
2034,297,"08/02/2025 12:16",purchase,40.00
2035,297,"25.2.25 18:49",login,0.00
2036,297,"13/3/2025 07:47",login,0.00
2037,297,"24-4-2025 14:24",login,0.00
2038,297,"13/05/2025 22:39",support_request,0.00
2039,297,"24/6/2025 06:02",play_video,0.00
2040,297,"08.06.2025 18:08",play_video,0.00
2041,297,"2-7-2025 6:58",view_content,0.00
2042,297,"01/08/2025 2:25",view_content,0.00
2043,298,"16.5.25 17:05",registration,0.00
2044,298,"11/6/2025 7:29",play_video,0.00
2045,298,"9.6.25 22:21",test_event,0.00
2046,298,"12/08/2025 13:55",view_content,0.00
2047,298,"18.9.25 16:37",view_content,0.00
2048,298,"27/09/2025 18:18",view_content,0.00
2049,298,"23.10.25 06:40",login,0.00
2050,298,"23/11/2025 13:43",purchase,20.00
2051,298,"23/11/2025 14:24",login,0.00
2052,298,"04/01/2026 19:37",play_video,0.00
2053,298,"14-12-2025 02:15",login,0.00
2054,299,"10-1-2025 3:00",registration,0.00
2055,299,"13.01.2025 00:52",login,0.00
2056,299,"17.2.25 21:49",login,0.00
2057,300,"2/1/2025 5:08",registration,0.00
2058,300,"04.02.2025 20:17",login,0.00
2059,300,"27-3-2025 10:41",login,0.00
2060,300,"10.04.2025 07:15",login,0.00
2061,300,"29.4.25 03:22",login,0.00
2062,300,"2/5/2025 11:47",play_video,0.00
2063,300,"21.05.2025 14:05",login,0.00
2064,300,"19.07.2025 06:48",login,0.00
2065,300,"20.09.2025 12:46",cancel,0.00
2066,301,"18/2/2025 18:49",registration,0.00
2067,301,"09.03.2025 04:41",test_event,0.00
2068,301,"16.4.25 00:31",play_video,0.00
2069,301,"07.05.2025 03:39",login,0.00
2070,301,"6/5/2025 23:15",view_content,0.00
2071,301,"26/06/2025 00:32",login,0.00
2072,301,"13/8/2025 10:00",view_content,0.00
2073,302,"4-2-2025 9:39",registration,0.00
2074,302,"8/2/2025 2:40",login,0.00
2075,302,"17.04.2025 07:17",view_content,0.00
2076,302,"21-4-2025 11:38",login,0.00
2077,302,"22/5/2025 12:32",view_content,0.00
2078,302,"10/5/2025 7:41",login,0.00
2079,302,"16.10.2025 23:28",login,0.00
2080,303,"10/03/2025 16:14",registration,0.00
2081,303,"29/03/2025 19:16",play_video,0.00
2082,303,"30-4-2025 21:01",login,0.00
2083,303,"6-6-2025 10:22",login,0.00
2084,303,"03/07/2025 12:55",view_content,0.00
2085,304,"9-6-2025 6:37",registration,0.00
2086,304,"09.06.2025 10:58",play_video,0.00
2087,304,"27.06.2025 12:31",play_video,0.00
2088,304,"25/07/2025 16:09",login,0.00
2089,304,"2-10-2025 0:29",cancel,0.00
2090,304,"09/09/2025 11:39",play_video,0.00
2091,304,"10.10.25 02:19",purchase,15.00
2092,304,"03.12.2025 23:46",login,0.00
2093,304,"11.12.2025 13:06",view_content,0.00
2094,304,"22.03.2026 08:37",view_content,0.00
2095,304,"24/3/2026 02:23",view_content,0.00
2096,305,"25/06/2025 18:34",registration,0.00
2097,305,"21/8/2025 10:33",login,0.00
2098,305,"26.07.2025 20:19",login,0.00
2099,305,"9.9.25 19:20",play_video,0.00
2100,305,"4.10.25 01:36",view_content,0.00
2101,305,"30.09.2025 09:38",play_video,0.00
2102,306,"20/06/2025 16:23",registration,0.00
2103,306,"8.7.25 03:51",login,0.00
2104,306,"5-7-2025 6:52",view_content,0.00
2105,306,"29/7/2025 20:11",login,0.00
2106,306,"31/7/2025 08:57",login,0.00
2107,307,"30.6.25 05:18",registration,0.00
2108,307,"22-8-2025 09:18",purchase,40.00
2109,307,"17.11.25 02:35",login,0.00
2110,308,"10/06/2025 4:27",registration,0.00
2111,308,"24.6.25 02:55",login,0.00
2112,308,"5-8-2025 18:24",test_event,0.00
2113,308,"19/08/2025 09:33",view_content,0.00
2114,308,"26/9/2025 21:52",login,0.00
2115,308,"14-9-2025 06:28",login,0.00
2116,308,"21.11.2025 20:57",play_video,0.00
2117,308,"15-11-2025 14:50",support_request,0.00
2118,308,"23-12-2025 23:33",view_content,0.00
2119,308,"28/12/2025 00:38",view_content,0.00
2120,309,"10.06.2025 22:57",registration,0.00
2121,309,"24/06/2025 06:07",login,0.00
2122,309,"09.08.2025 23:36",login,0.00
2123,310,"12.04.2025 13:43",registration,0.00
2124,310,"27.04.2025 14:30",play_video,0.00
2125,310,"26/06/2025 12:05",purchase,10.00
2126,310,"16.07.2025 11:37",play_video,0.00
2127,311,"05/03/2025 20:12",registration,0.00
2128,311,"12/03/2025 10:58",view_content,0.00
2129,311,"28/03/2025 17:18",view_content,0.00
2130,311,"17.4.25 19:37",login,0.00
2131,311,"21.4.25 17:38",play_video,0.00
2132,311,"17-5-2025 22:17",view_content,0.00
2133,311,"3-6-2025 22:03",login,0.00
2134,311,"25.7.25 00:06",play_video,0.00
2135,311,"04.07.2025 06:06",support_request,0.00
2136,312,"1-5-2025 3:43",registration,0.00
2137,312,"04/05/2025 17:03",login,0.00
2138,312,"10/6/2025 9:57",login,0.00
2139,312,"6/6/2025 9:01",login,0.00
2140,312,"10-7-2025 3:49",login,0.00
2141,312,"16.07.2025 03:38",login,0.00
2142,312,"13/8/2025 18:05",view_content,0.00
2143,312,"20.09.2025 12:47",login,0.00
2144,313,"01/03/2025 22:51",registration,0.00
2145,313,"11.3.25 21:39","",0.00
2146,313,"12/6/2025 7:12",login,0.00
2147,313,"5.6.25 02:07",login,0.00
2148,314,"29.4.25 12:02",registration,0.00
2149,314,"15-5-2025 02:02",play_video,0.00
2150,314,"7/6/2025 18:52",play_video,0.00
2151,314,"18.06.2025 07:48",purchase,15.00
2152,314,"23/8/2025 20:37",login,0.00
2153,314,"03/09/2025 0:55",purchase,30.00
2154,314,"27-9-2025 00:45",login,0.00
2155,314,"23-10-2025 11:49",view_content,0.00
2156,314,"05/11/2025 17:46",login,0.00
2157,315,"21.6.25 06:44",registration,0.00
2158,315,"25.06.2025 14:01",view_content,0.00
2159,315,"06.07.2025 14:02",view_content,0.00
2160,315,"24-7-2025 16:07",login,0.00
2161,315,"23-7-2025 13:13",login,0.00
2162,315,"30/8/2025 01:54",test_event,0.00
2163,315,"27.08.2025 06:56",view_content,0.00
2164,315,"14-10-2025 12:48",login,0.00
2165,315,"30/9/2025 22:59",cancel,0.00
2166,315,"2/11/2025 9:31",support_request,0.00
2167,315,"30-10-2025 20:56",view_content,0.00
2168,315,"10-12-2025 7:47",view_content,0.00
2169,315,"25.11.2025 05:06",login,0.00
2170,315,"04.01.2026 06:35",play_video,0.00
2171,315,"05/01/2026 19:47",login,0.00
2172,316,"13.01.2025 09:27",registration,0.00
2173,316,"15/1/2025 06:47",purchase,20.00
2174,316,"27-2-2025 22:39",cancel,0.00
2175,316,"7.3.25 18:33",view_content,0.00
2176,316,"3.4.25 16:37",view_content,0.00
2177,316,"30.3.25 16:13",login,0.00
2178,316,"17/04/2025 10:23",login,0.00
2179,316,"19/5/2025 06:21",login,0.00
2180,316,"5/6/2025 9:36",view_content,0.00
2181,316,"19/06/2025 13:40",login,0.00
2182,316,"29/06/2025 23:16",purchase,40.00
2183,317,"05/03/2025 15:19",registration,0.00
2184,317,"15/03/2025 00:36",login,0.00
2185,317,"28.3.25 01:50",view_content,0.00
2186,317,"28/04/2025 10:49",login,0.00
2187,317,"18.5.25 11:16",play_video,0.00
2188,317,"9.6.25 18:17",support_request,0.00
2189,317,"18.6.25 07:29",view_content,0.00
2190,317,"29.7.25 15:10",support_request,0.00
2191,317,"5/7/2025 11:40",cancel,0.00
2192,318,"3-4-2025 9:56",registration,0.00
2193,318,"12/4/2025 13:56",play_video,0.00
2194,318,"28.4.25 21:53",login,0.00
2195,318,"28.05.2025 09:48",view_content,0.00
2196,318,"19.6.25 22:33",login,0.00
2197,318,"11.08.2025 03:43",login,0.00
2198,318,"10-9-2025 18:46",play_video,0.00
2199,318,"18.09.2025 13:36",view_content,0.00
2200,318,"03/10/2025 17:21",cancel,0.00
2201,319,"18.6.25 05:50",registration,0.00
2202,319,"21/07/2025 09:10",login,0.00
2203,319,"31/7/2025 09:21",view_content,0.00
2204,319,"22/08/2025 09:57",play_video,0.00
2205,319,"17.08.2025 08:39",cancel,0.00
2206,320,"13.03.2025 06:50",registration,0.00
2207,320,"27.03.2025 07:53",view_content,0.00
2208,320,"13/3/2025 15:57",view_content,0.00
2209,320,"06/05/2025 17:57",play_video,0.00
2210,320,"30.05.2025 09:43",purchase,15.00
2211,320,"23.06.2025 10:17",play_video,0.00
2212,320,"1-7-2025 22:08",login,0.00
2213,320,"11-7-2025 22:20",login,0.00
2214,320,"28.8.25 19:00",purchase,15.00
2215,321,"12.2.25 08:00",registration,0.00
2216,321,"21/2/2025 08:19",cancel,0.00
2217,321,"07/04/2025 13:16",login,0.00
2218,322,"21.2.25 06:42",registration,0.00
2219,322,"20.03.2025 04:02",view_content,0.00
2220,322,"15/3/2025 05:45",login,0.00
2221,322,"31.3.25 07:36",login,0.00
2222,323,"24.1.25 23:20",registration,0.00
2223,323,"3-2-2025 0:20",login,0.00
2224,323,"9-2-2025 15:28",view_content,0.00
2225,323,"4.4.25 20:46",view_content,0.00
2226,323,"07/04/2025 21:06",login,0.00
2227,323,"03.05.2025 17:02",login,0.00
2228,323,"13.06.2025 14:02",login,0.00
2229,323,"3-7-2025 11:13",login,0.00
2230,323,"8.7.25 10:59",login,0.00
2231,323,"7-9-2025 14:53",login,0.00
2232,323,"4-9-2025 14:04",purchase,15.00
2233,324,"11/1/2025 21:58",registration,0.00
2234,324,"30/1/2025 17:55",test_event,0.00
2235,324,"21.2.25 12:42",view_content,0.00
2236,324,"15-4-2025 07:24",login,0.00
2237,324,"4/5/2025 22:53",view_content,0.00
2238,324,"30-5-2025 21:04",login,0.00
2239,324,"12.05.2025 02:49",view_content,0.00
2240,324,"20/07/2025 10:48",login,0.00
2241,324,"31.8.25 15:33",login,0.00
2242,325,"05.02.2025 10:03",registration,0.00
2243,325,"16-2-2025 08:51",login,0.00
2244,325,"30.03.2025 11:16",view_content,0.00
2245,325,"11-4-2025 4:51",view_content,0.00
2246,325,"25-5-2025 11:17",play_video,0.00
2247,325,"30-6-2025 07:16",login,0.00
2248,325,"15.07.2025 01:30",view_content,0.00
2249,325,"6.7.25 04:41",login,0.00
2250,326,"20/01/2025 05:09",registration,0.00
2251,326,"15-2-2025 03:42",login,0.00
2252,326,"8-2-2025 7:53",login,0.00
2253,326,"03/03/2025 3:03",login,0.00
2254,326,"5.4.25 20:48",login,0.00
2255,326,"01/04/2025 21:30",view_content,0.00
2256,326,"23/04/2025 06:12",support_request,0.00
2257,326,"29-4-2025 13:45",purchase,15.00
2258,326,"6.6.25 15:19",login,0.00
2259,327,"11.6.25 18:45",registration,0.00
2260,327,"16/6/2025 06:16",view_content,0.00
2261,327,"5/8/2025 19:05",play_video,0.00
2262,328,"8-2-2025 2:20",registration,0.00
2263,328,"08/02/2025 11:01",login,0.00
2264,328,"12/2/2025 18:19",login,0.00
2265,328,"22/3/2025 12:36",login,0.00
2266,328,"10.4.25 00:02",login,0.00
2267,328,"12/05/2025 4:59",view_content,0.00
2268,328,"23/5/2025 12:39",login,0.00
2269,328,"27/07/2025 17:21",view_content,0.00
2270,328,"2-9-2025 12:22",play_video,0.00
2271,329,"20/06/2025 06:36",registration,0.00
2272,329,"27-6-2025 04:44",login,0.00
2273,329,"01.09.2025 15:55",login,0.00
2274,330,"12.3.25 00:28",registration,0.00
2275,330,"25-3-2025 15:57",view_content,0.00
2276,330,"14/6/2025 14:39",login,0.00
2277,331,"13/04/2025 06:22",registration,0.00
2278,331,"22/05/2025 12:55",login,0.00
2279,332,"30/4/2025 10:31",registration,0.00
2280,332,"4-5-2025 17:47",login,0.00
2281,332,"1.5.25 00:19",login,0.00
2282,332,"13.06.2025 01:38",login,0.00
2283,332,"6.6.25 10:09",view_content,0.00
2284,332,"20-7-2025 11:51",login,0.00
2285,332,"7.8.25 09:14",login,0.00
2286,332,"8.8.25 21:07",login,0.00
2287,332,"16/09/2025 03:19",login,0.00
2288,332,"20/09/2025 05:49",login,0.00
2289,332,"08/10/2025 22:25",play_video,0.00
2290,332,"18-10-2025 06:04",login,0.00
2291,333,"16.3.25 04:21",registration,0.00
2292,334,"11-1-2025 3:05",registration,0.00
2293,334,"17.02.2025 00:23",login,0.00
2294,334,"11/02/2025 4:44","",0.00
2295,334,"12-3-2025 7:41",login,0.00
2296,334,"6-6-2025 7:05",purchase,15.00
2297,334,"15-7-2025 22:45",purchase,15.00
2298,334,"11/7/2025 5:57",login,0.00
2299,334,"28.8.25 05:19",support_request,0.00
2300,335,"6-5-2025 21:41",registration,0.00
2301,335,"27/05/2025 20:20",purchase,15.00
2302,335,"16/6/2025 23:32",view_content,0.00
2303,336,"23.2.25 12:31",registration,0.00
2304,336,"2/3/2025 5:08",login,0.00
2305,336,"02.03.2025 06:44",play_video,0.00
2306,336,"13.4.25 10:58",purchase,20.00
2307,336,"16/05/2025 05:00",support_request,0.00
2308,336,"28/4/2025 09:18",login,0.00
2309,336,"1-6-2025 6:22",purchase,40.00
2310,337,"14.2.25 06:11",registration,0.00
2311,337,"22/2/2025 13:09",view_content,0.00
2312,337,"5/3/2025 22:07",view_content,0.00
2313,338,"01.05.2025 05:19",registration,0.00
2314,338,"4-5-2025 18:10",play_video,0.00
2315,338,"29.5.25 04:30",login,0.00
2316,338,"31-5-2025 20:27",view_content,0.00
2317,339,"13.3.25 21:57",registration,0.00
2318,339,"31/03/2025 18:14",play_video,0.00
2319,339,"21/4/2025 21:23",view_content,0.00
2320,340,"15.6.25 01:42",registration,0.00
2321,340,"17/6/2025 02:42",login,0.00
2322,340,"19/09/2025 05:15",login,0.00
2323,340,"13/9/2025 12:13",login,0.00
2324,340,"13/10/2025 04:12",view_content,0.00
2325,340,"22.11.2025 07:30",cancel,0.00
2326,340,"20.11.25 05:47",login,0.00
2327,340,"12.12.25 21:32",cancel,0.00
2328,340,"6-1-2026 0:18",login,0.00
2329,341,"28.05.2025 08:37",registration,0.00
2330,341,"3.6.25 05:51",login,0.00
2331,341,"1-8-2025 20:00",view_content,0.00
2332,342,"02/04/2025 19:45",registration,0.00
2333,342,"27/04/2025 03:12",view_content,0.00
2334,342,"9/4/2025 1:13",login,0.00
2335,342,"27.5.25 13:51",login,0.00
2336,342,"19-6-2025 03:23",view_content,0.00
2337,342,"22.8.25 13:13",play_video,0.00
2338,343,"11-4-2025 16:52",registration,0.00
2339,343,"30/04/2025 16:14",view_content,0.00
2340,343,"16.06.2025 09:46",play_video,0.00
2341,343,"31/07/2025 07:56",view_content,0.00
2342,344,"9-3-2025 9:59",registration,0.00
2343,344,"16-3-2025 11:23",play_video,0.00
2344,344,"30/3/2025 04:01",play_video,0.00
2345,344,"13-4-2025 11:52",login,0.00
2346,344,"01/05/2025 1:38",view_content,0.00
2347,345,"25.04.2025 14:47",registration,0.00
2348,345,"17-6-2025 21:26",cancel,0.00
2349,345,"21/6/2025 14:24",login,0.00
2350,345,"17/10/2025 10:10",login,0.00
2351,346,"26.05.2025 03:05",registration,0.00
2352,346,"2-8-2025 21:18",play_video,0.00
2353,346,"30.07.2025 09:53",login,0.00
2354,347,"19.02.2025 04:54",registration,0.00
2355,348,"13/01/2025 16:21",registration,0.00
2356,348,"27.1.25 02:48",login,0.00
2357,348,"15.2.25 06:19",view_content,0.00
2358,349,"9-5-2025 8:33",registration,0.00
2359,349,"13-5-2025 02:59",cancel,0.00
2360,349,"13/06/2025 05:55",login,0.00
2361,349,"10/6/2025 8:07",play_video,0.00
2362,349,"5-8-2025 6:08",view_content,0.00
2363,349,"27/8/2025 09:24",cancel,0.00
2364,349,"8-9-2025 6:22",play_video,0.00
2365,349,"1-10-2025 7:33",play_video,0.00
2366,350,"15.01.2025 09:21",registration,0.00
2367,350,"19-2-2025 07:29",login,0.00
2368,351,"25/06/2025 04:21",registration,0.00
2369,351,"31.07.2025 19:43",login,0.00
2370,352,"14.01.2025 22:03",registration,0.00
2371,352,"27.02.2025 08:15",login,0.00
2372,352,"17/2/2025 21:51",login,0.00
2373,352,"16-3-2025 12:09",view_content,0.00
2374,352,"16.3.25 03:17",support_request,0.00
2375,353,"23.04.2025 09:39",registration,0.00
2376,353,"13/5/2025 04:39",view_content,0.00
2377,353,"17-5-2025 23:55",login,0.00
2378,353,"15.07.2025 18:32",test_event,0.00
2379,353,"7-7-2025 23:34",login,0.00
2380,354,"5-4-2025 2:03",registration,0.00
2381,354,"7-4-2025 13:47",login,0.00
2382,354,"23/4/2025 21:08",purchase,15.00
2383,354,"25/5/2025 08:00",view_content,0.00
2384,354,"27/6/2025 14:27",purchase,15.00
2385,354,"03/10/2025 9:47",login,0.00
2386,354,"5/10/2025 18:15",view_content,0.00
2387,354,"15.11.25 04:53",play_video,0.00
2388,354,"25/11/2025 14:23",login,0.00
2389,355,"09/04/2025 14:53",registration,0.00
2390,355,"27/4/2025 18:16",login,0.00
2391,356,"28/2/2025 23:10",registration,0.00
2392,356,"03/03/2025 20:48",play_video,0.00
2393,356,"27.3.25 09:12",login,0.00
2394,357,"03/02/2025 0:09",registration,0.00
2395,357,"26/02/2025 05:07",play_video,0.00
2396,357,"2-3-2025 8:31",play_video,0.00
2397,357,"27/03/2025 23:46",view_content,0.00
2398,357,"27-4-2025 01:48",view_content,0.00
2399,357,"4.8.25 14:35",cancel,0.00
2400,358,"02/04/2025 12:03",registration,0.00
2401,358,"13/4/2025 22:08",login,0.00
2402,358,"3.8.25 16:47",view_content,0.00
2403,358,"1.8.25 16:20",login,0.00
2404,359,"25/06/2025 09:17",registration,0.00
2405,359,"01.07.2025 15:16",view_content,0.00
2406,359,"4/8/2025 8:03",login,0.00
2407,360,"15/05/2025 06:03",registration,0.00
2408,360,"02/06/2025 4:19",login,0.00
2409,360,"29.6.25 15:27",login,0.00
2410,360,"25-7-2025 00:01",login,0.00
2411,360,"8/8/2025 11:08",login,0.00
2412,360,"28/10/2025 09:59",view_content,0.00
2413,361,"3/1/2025 19:06",registration,0.00
2414,361,"20/01/2025 07:54",login,0.00
2415,361,"22.01.2025 20:46",view_content,0.00
2416,361,"19/02/2025 06:38",purchase,20.00
2417,361,"25-3-2025 21:12",login,0.00
2418,361,"24-3-2025 05:34",view_content,0.00
2419,361,"29.04.2025 15:45",purchase,20.00
2420,361,"10/04/2025 8:56",view_content,0.00
2421,362,"29.01.2025 18:10",registration,0.00
2422,362,"28/03/2025 07:49",play_video,0.00
2423,362,"16.6.25 14:36",play_video,0.00
2424,362,"30-5-2025 20:42",login,0.00
2425,362,"13/07/2025 09:51",view_content,0.00
2426,362,"06.07.2025 03:53",view_content,0.00
2427,362,"19/9/2025 21:19",login,0.00
2428,363,"08/05/2025 23:45",registration,0.00
2429,363,"31-5-2025 20:40",view_content,0.00
2430,363,"27.06.2025 00:48",login,0.00
2431,363,"14/07/2025 02:30",login,0.00
2432,363,"17-8-2025 21:15",login,0.00
2433,363,"15/09/2025 15:09",login,0.00
2434,363,"21/9/2025 09:08",login,0.00
2435,363,"24/10/2025 08:44",play_video,0.00
2436,363,"1.1.26 13:23",play_video,0.00
2437,363,"07/01/2026 4:10",login,0.00
2438,363,"30-1-2026 07:51",view_content,0.00
2439,364,"3-6-2025 4:23",registration,0.00
2440,364,"6/6/2025 13:07",view_content,0.00
2441,364,"5/6/2025 5:55",play_video,0.00
2442,364,"25.08.2025 23:48",login,0.00
2443,364,"26.8.25 23:18",view_content,0.00
2444,364,"16.9.25 22:19",login,0.00
2445,364,"26-10-2025 20:58",play_video,0.00
2446,364,"13/11/2025 16:07",view_content,0.00
2447,365,"3/4/2025 2:47",registration,0.00
2448,365,"18-5-2025 11:16",login,0.00
2449,365,"26.05.2025 19:58",login,0.00
2450,365,"17/06/2025 09:32",login,0.00
2451,365,"21.7.25 11:33",view_content,0.00
2452,365,"17/08/2025 08:00",view_content,0.00
2453,365,"2.10.25 00:25",login,0.00
2454,365,"30.10.2025 23:35",login,0.00
2455,366,"10-3-2025 10:43",registration,0.00
2456,366,"02/04/2025 22:26",view_content,0.00
2457,366,"20.4.25 10:40",view_content,0.00
2458,366,"02/05/2025 13:11",purchase,20.00
2459,366,"10-5-2025 9:09",login,0.00
2460,366,"5.6.25 04:28",play_video,0.00
2461,367,"28.04.2025 18:40",registration,0.00
2462,367,"19/05/2025 15:18",play_video,0.00
2463,367,"2.7.25 10:01",login,0.00
2464,367,"3.7.25 01:13",play_video,0.00
2465,367,"7.9.25 15:28",login,0.00
2466,367,"14/09/2025 11:49",cancel,0.00
2467,367,"8/10/2025 16:35",play_video,0.00
2468,368,"16/01/2025 15:46",registration,0.00
2469,368,"27/1/2025 01:44",login,0.00
2470,368,"01.02.2025 23:23",view_content,0.00
2471,368,"06/03/2025 17:51",purchase,20.00
2472,368,"23.3.25 12:19",view_content,0.00
2473,368,"19.04.2025 08:11",login,0.00
2474,368,"22-4-2025 17:44",login,0.00
2475,368,"19.7.25 00:53",view_content,0.00
2476,368,"10-8-2025 3:37",login,0.00
2477,369,"7-5-2025 10:06",registration,0.00
2478,369,"9-5-2025 2:04",cancel,0.00
2479,369,"11/5/2025 4:05",login,0.00
2480,369,"13/6/2025 03:53",play_video,0.00
2481,369,"14-7-2025 01:58",purchase,10.00
2482,369,"14/8/2025 21:06",login,0.00
2483,369,"19/8/2025 05:37",login,0.00
2484,369,"18-9-2025 17:04",purchase,10.00
2485,369,"5.9.25 16:43",play_video,0.00
2486,369,"08.10.2025 01:52",view_content,0.00
2487,369,"6/10/2025 8:01",login,0.00
2488,369,"25.11.2025 10:02",cancel,0.00
2489,369,"25.11.25 02:08",login,0.00
2490,369,"14.1.26 02:42",login,0.00
2491,370,"31.3.25 01:18",registration,0.00
2492,370,"02/04/2025 12:02",login,0.00
2493,370,"18/04/2025 21:21",login,0.00
2494,370,"18/05/2025 13:20",login,0.00
2495,371,"16-2-2025 05:57",registration,0.00
2496,371,"19-3-2025 04:52",login,0.00
2497,371,"6.5.25 19:55",login,0.00
2498,371,"12.6.25 18:08",login,0.00
2499,371,"23/06/2025 00:01",purchase,20.00
2500,371,"20/06/2025 00:49",play_video,0.00
2501,371,"26/07/2025 12:17",view_content,0.00
2502,371,"31/08/2025 21:54",view_content,0.00
2503,371,"8/10/2025 21:01",view_content,0.00
2504,371,"27-9-2025 10:21",login,0.00
2505,372,"01.06.2025 02:46",registration,0.00
2506,372,"17.6.25 10:41",view_content,0.00
2507,372,"09/06/2025 21:10",view_content,0.00
2508,372,"28.07.2025 09:21",login,0.00
2509,372,"22.08.2025 11:23",login,0.00
2510,372,"19/8/2025 10:02",login,0.00
2511,373,"23.05.2025 19:35",registration,0.00
2512,373,"14/6/2025 17:51",login,0.00
2513,373,"3.8.25 06:44",login,0.00
2514,374,"19/06/2025 02:48",registration,0.00
2515,374,"23.06.2025 16:46",login,0.00
2516,374,"13-8-2025 23:01",cancel,0.00
2517,374,"26/8/2025 08:03",login,0.00
2518,374,"4.10.25 08:39",view_content,0.00
2519,374,"15.10.2025 00:24",play_video,0.00
2520,374,"22/10/2025 00:03","",0.00
2521,374,"22/10/2025 11:43",play_video,0.00
2522,374,"12/12/2025 23:56",view_content,0.00
2523,375,"19.6.25 11:24",registration,0.00
2524,375,"27/06/2025 01:27",cancel,0.00
2525,375,"11-7-2025 11:00",login,0.00
2526,375,"22/10/2025 18:47",cancel,0.00
2527,375,"30/11/2025 12:22",login,0.00
2528,375,"24.12.25 01:17",login,0.00
2529,376,"16.2.25 14:59",registration,0.00
2530,376,"20-2-2025 15:27",play_video,0.00
2531,376,"6/3/2025 4:28",support_request,0.00
2532,376,"07.04.2025 11:52",login,0.00
2533,376,"29/6/2025 11:28",login,0.00
2534,376,"6.7.25 08:13",login,0.00
2535,376,"7-8-2025 14:46",login,0.00
2536,377,"28/4/2025 06:25",registration,0.00
2537,377,"11/05/2025 11:30",login,0.00
2538,377,"14.06.2025 21:21",login,0.00
2539,377,"11-6-2025 17:01",login,0.00
2540,377,"1.7.25 08:01",login,0.00
2541,377,"12/7/2025 12:26",login,0.00
2542,377,"06/09/2025 0:51",play_video,0.00
2543,378,"29.6.25 04:32",registration,0.00
2544,378,"14.07.2025 21:04",play_video,0.00
2545,378,"20-7-2025 12:19",view_content,0.00
2546,378,"11-9-2025 5:20",purchase,10.00
2547,379,"25-1-2025 13:36",registration,0.00
2548,379,"28/1/2025 13:29",play_video,0.00
2549,379,"27.02.2025 00:51",view_content,0.00
2550,379,"17.3.25 01:02",login,0.00
2551,379,"1/4/2025 1:09",play_video,0.00
2552,379,"3-4-2025 3:21",view_content,0.00
2553,379,"13-5-2025 07:40",view_content,0.00
2554,379,"06.06.2025 09:59",view_content,0.00
2555,379,"07.06.2025 12:31",login,0.00
2556,379,"21.7.25 23:29",play_video,0.00
2557,380,"14.01.2025 18:49",registration,0.00
2558,380,"15/1/2025 09:12",play_video,0.00
2559,380,"16.02.2025 22:43",purchase,15.00
2560,380,"25.3.25 03:42",login,0.00
2561,381,"24-2-2025 08:37",registration,0.00
2562,381,"11.03.2025 06:14",login,0.00
2563,381,"28.03.2025 14:12",support_request,0.00
2564,381,"17/4/2025 23:44",view_content,0.00
2565,381,"3-5-2025 20:56",login,0.00
2566,382,"16/5/2025 20:53",registration,0.00
2567,382,"21/05/2025 20:13",view_content,0.00
2568,382,"28/05/2025 14:28",play_video,0.00
2569,382,"18/06/2025 19:57",login,0.00
2570,382,"8-7-2025 23:21",login,0.00
2571,382,"04.08.2025 10:34",play_video,0.00
2572,382,"30/7/2025 16:13",view_content,0.00
2573,382,"30/08/2025 09:16",login,0.00
2574,382,"15-8-2025 16:11",login,0.00
2575,383,"30.05.2025 20:05",registration,0.00
2576,383,"09/06/2025 23:19",purchase,15.00
2577,383,"14/06/2025 00:49",login,0.00
2578,383,"17/07/2025 05:32",play_video,0.00
2579,383,"23/07/2025 00:41",view_content,0.00
2580,383,"01.08.2025 15:53",login,0.00
2581,383,"29.8.25 05:37",purchase,15.00
2582,383,"15/9/2025 17:30",view_content,0.00
2583,383,"06.10.2025 20:59",view_content,0.00
2584,383,"08/10/2025 22:13",view_content,0.00
2585,384,"08/06/2025 10:11",registration,0.00
2586,384,"23/6/2025 07:06",login,0.00
2587,384,"1.7.25 07:42",login,0.00
2588,384,"14/7/2025 19:32",view_content,0.00
2589,384,"1-9-2025 2:04",cancel,0.00
2590,384,"14-8-2025 22:36",view_content,0.00
2591,384,"17.9.25 14:39",cancel,0.00
2592,384,"08.11.2025 06:38",login,0.00
2593,385,"03.06.2025 12:49",registration,0.00
2594,385,"7-6-2025 13:40",play_video,0.00
2595,385,"06.06.2025 22:12",view_content,0.00
2596,385,"26-7-2025 10:07",play_video,0.00
2597,386,"7-3-2025 13:47",registration,0.00
2598,386,"9.3.25 04:13",login,0.00
2599,386,"21-4-2025 13:17",login,0.00
2600,386,"14.04.2025 20:44",login,0.00
2601,387,"14/02/2025 01:03",registration,0.00
2602,387,"17.02.2025 11:50",play_video,0.00
2603,387,"25-2-2025 18:26",login,0.00
2604,387,"26-3-2025 19:41",play_video,0.00
2605,387,"24.03.2025 02:12",view_content,0.00
2606,387,"05.06.2025 07:39",login,0.00
2607,387,"11/7/2025 18:45",login,0.00
2608,387,"10/07/2025 10:44",view_content,0.00
2609,387,"25-7-2025 21:33",play_video,0.00
2610,387,"08.08.2025 04:53",view_content,0.00
2611,387,"09.09.2025 10:27",login,0.00
2612,387,"7/9/2025 13:05",view_content,0.00
2613,387,"2.10.25 15:35",login,0.00
2614,387,"01.10.2025 23:14",play_video,0.00
2615,388,"01/06/2025 14:40",registration,0.00
2616,389,"22.2.25 14:31",registration,0.00
2617,389,"6/3/2025 3:52",view_content,0.00
2618,389,"23-2-2025 01:10",login,0.00
2619,389,"7.4.25 02:14",play_video,0.00
2620,389,"31.03.2025 01:35",purchase,10.00
2621,389,"09/05/2025 20:55",login,0.00
2622,389,"6.8.25 14:08",login,0.00
2623,389,"22-7-2025 15:30",support_request,0.00
2624,389,"12.9.25 05:40",login,0.00
2625,389,"23.8.25 18:02",view_content,0.00
2626,390,"4.1.25 20:50",registration,0.00
2627,390,"11.2.25 09:01",login,0.00
2628,390,"16.03.2025 13:42",purchase,40.00
2629,390,"19/4/2025 21:08",login,0.00
2630,390,"16.04.2025 15:38",play_video,0.00
2631,390,"18.06.2025 11:30",login,0.00
2632,390,"28/07/2025 15:52",view_content,0.00
2633,391,"02.01.2025 04:17",registration,0.00
2634,391,"14/1/2025 12:54",play_video,0.00
2635,391,"17/01/2025 00:04",purchase,15.00
2636,391,"21.2.25 22:17",view_content,0.00
2637,391,"11-2-2025 12:15",support_request,0.00
2638,391,"26/3/2025 23:47",support_request,0.00
2639,391,"18.04.2025 22:30",view_content,0.00
2640,391,"13/4/2025 06:23",view_content,0.00
2641,391,"26/07/2025 02:47",login,0.00
2642,392,"19.2.25 19:16",registration,0.00
2643,392,"03.03.2025 12:56",view_content,0.00
2644,392,"27.03.2025 03:33",support_request,0.00
2645,392,"28.03.2025 02:56",support_request,0.00
2646,392,"21.5.25 14:53",view_content,0.00
2647,393,"08/05/2025 7:56",registration,0.00
2648,393,"23-5-2025 05:59",view_content,0.00
2649,393,"17/6/2025 03:06",view_content,0.00
2650,393,"25.07.2025 11:46",login,0.00
2651,393,"16.8.25 13:57",play_video,0.00
2652,393,"10/9/2025 7:55",login,0.00
2653,394,"17/03/2025 14:32",registration,0.00
2654,394,"30/03/2025 10:46",play_video,0.00
2655,394,"1.5.25 20:07",view_content,0.00
2656,394,"5.6.25 21:54",view_content,0.00
2657,394,"6-7-2025 1:58",login,0.00
2658,394,"6/8/2025 2:37",view_content,0.00
2659,394,"27-7-2025 23:42",login,0.00
2660,395,"18/05/2025 16:29",registration,0.00
2661,395,"31/5/2025 21:07",login,0.00
2662,395,"06/08/2025 5:17",purchase,20.00
2663,396,"16/2/2025 10:17",registration,0.00
2664,396,"19/4/2025 20:56",login,0.00
2665,396,"05.05.2025 12:07",view_content,0.00
2666,396,"02/06/2025 15:16",view_content,0.00
2667,396,"18/05/2025 12:15",play_video,0.00
2668,396,"16/6/2025 19:30",play_video,0.00
2669,396,"25.06.2025 19:17",login,0.00
2670,396,"21/07/2025 18:04",purchase,20.00
2671,396,"17-7-2025 03:55",login,0.00
2672,396,"10.09.2025 08:06",view_content,0.00
2673,396,"17.08.2025 17:25",purchase,40.00
2674,397,"27.03.2025 00:10",registration,0.00
2675,397,"21-4-2025 07:45",login,0.00
2676,397,"17.8.25 19:51",view_content,0.00
2677,398,"15.2.25 02:30",registration,0.00
2678,398,"28/03/2025 12:44",cancel,0.00
2679,399,"24-5-2025 01:36",registration,0.00
2680,399,"12-6-2025 18:36",login,0.00
2681,399,"27/5/2025 11:30",purchase,20.00
2682,400,"2/1/2025 12:57",registration,0.00
2683,400,"9-1-2025 9:51",cancel,0.00
2684,400,"24-1-2025 12:14",view_content,0.00
2685,401,"09.06.2025 07:48",registration,0.00
2686,401,"05.07.2025 23:47",view_content,0.00
2687,401,"5/7/2025 11:35",purchase,20.00
2688,401,"31-7-2025 07:09",view_content,0.00
2689,401,"4/8/2025 12:56",login,0.00
2690,402,"9/3/2025 15:20",registration,0.00
2691,402,"10.03.2025 08:46",login,0.00
2692,402,"5.4.25 12:40",login,0.00
2693,402,"6-5-2025 3:24",login,0.00
2694,402,"26.5.25 21:41",login,0.00
2695,402,"05.06.2025 06:54",view_content,0.00
2696,402,"28-6-2025 15:49",login,0.00
2697,402,"30/7/2025 08:37",play_video,0.00
2698,402,"8/8/2025 2:40",support_request,0.00
2699,402,"21-9-2025 20:10",support_request,0.00
2700,402,"26/9/2025 15:17",login,0.00
2701,402,"16.10.25 11:32",login,0.00
2702,403,"15/01/2025 15:23",registration,0.00
2703,403,"11/2/2025 20:18",cancel,0.00
2704,403,"14/03/2025 12:37",play_video,0.00
2705,403,"24.05.2025 00:53",login,0.00
2706,403,"03/07/2025 14:50",login,0.00
2707,403,"15/06/2025 09:59",login,0.00
2708,404,"5-3-2025 0:28",registration,0.00
2709,404,"6.3.25 08:07",play_video,0.00
2710,404,"16/3/2025 18:26",login,0.00
2711,404,"13/4/2025 14:39",view_content,0.00
2712,404,"16.4.25 15:41",login,0.00
2713,404,"15.05.2025 20:59",play_video,0.00
2714,404,"31-5-2025 23:07",login,0.00
2715,404,"30.06.2025 04:44",view_content,0.00
2716,404,"28.8.25 19:26",support_request,0.00
2717,404,"19.9.25 07:40",support_request,0.00
2718,404,"21.09.2025 08:02",view_content,0.00
2719,405,"03/03/2025 23:54",registration,0.00
2720,405,"07.03.2025 06:42",login,0.00
2721,405,"15.03.2025 00:56",login,0.00
2722,405,"17/04/2025 01:35",cancel,0.00
2723,405,"20/5/2025 13:56",login,0.00
2724,405,"21.05.2025 02:04",login,0.00
2725,405,"08/07/2025 22:42",view_content,0.00
2726,405,"25-10-2025 15:30",login,0.00
2727,406,"27/6/2025 07:22",registration,0.00
2728,406,"19/7/2025 07:33",login,0.00
2729,406,"31-7-2025 19:37",play_video,0.00
2730,407,"15/03/2025 18:33",registration,0.00
2731,407,"7.4.25 04:46",login,0.00
2732,407,"12-4-2025 15:57",login,0.00
2733,407,"11-5-2025 1:05",login,0.00
2734,407,"25/6/2025 08:35",login,0.00
2735,407,"19/06/2025 17:28",purchase,15.00
2736,407,"7/8/2025 13:30",login,0.00
2737,407,"5-9-2025 7:37",login,0.00
2738,407,"04/12/2025 22:00",login,0.00
2739,407,"22-12-2025 17:36",login,0.00
2740,408,"31.05.2025 20:28",registration,0.00
2741,408,"19.06.2025 04:30",play_video,0.00
2742,408,"19.06.2025 07:08",play_video,0.00
2743,408,"13/10/2025 22:58",view_content,0.00
2744,409,"01/05/2025 17:59",registration,0.00
2745,409,"15/05/2025 07:11",view_content,0.00
2746,409,"29.5.25 17:13",login,0.00
2747,409,"18.06.2025 04:49",play_video,0.00
2748,409,"9/6/2025 21:01",login,0.00
2749,409,"14.7.25 01:02",login,0.00
2750,409,"15-7-2025 09:01",login,0.00
2751,409,"5.11.25 20:16",login,0.00
2752,409,"10/11/2025 16:01",view_content,0.00
2753,410,"03.04.2025 01:28",registration,0.00
2754,410,"07/05/2025 13:40",view_content,0.00
2755,410,"12.7.25 01:26",view_content,0.00
2756,410,"12/07/2025 13:52",login,0.00
2757,411,"14.04.2025 10:40",registration,0.00
2758,411,"10/7/2025 11:07",play_video,0.00
2759,412,"09.05.2025 16:31",registration,0.00
2760,412,"11/5/2025 17:00",login,0.00
2761,412,"27-5-2025 23:37",login,0.00
2762,412,"09.06.2025 21:28",view_content,0.00
2763,412,"20.7.25 17:45",login,0.00
2764,412,"14/8/2025 15:32",purchase,20.00
2765,412,"29-9-2025 22:25",purchase,40.00
2766,412,"19.9.25 10:00",login,0.00
2767,412,"12-10-2025 4:00",login,0.00
2768,412,"15/10/2025 05:42",login,0.00
2769,413,"12/4/2025 9:16",registration,0.00
2770,413,"7-5-2025 1:40",purchase,20.00
2771,413,"12-6-2025 9:58",play_video,0.00
2772,413,"26/06/2025 12:26",view_content,0.00
2773,413,"16.8.25 23:16",view_content,0.00
2774,413,"4-9-2025 21:54",view_content,0.00
2775,413,"12.9.25 02:52","",0.00
2776,413,"26.10.25 08:30",login,0.00
2777,413,"15/10/2025 21:53",play_video,0.00
2778,414,"14/4/2025 11:15",registration,0.00
2779,414,"26/04/2025 20:59",view_content,0.00
2780,414,"15.4.25 11:06",view_content,0.00
2781,414,"15-5-2025 06:00",view_content,0.00
2782,414,"27-6-2025 20:02",login,0.00
2783,414,"05.07.2025 05:15",view_content,0.00
2784,414,"21/7/2025 17:28",view_content,0.00
2785,414,"6-9-2025 7:43",view_content,0.00
2786,415,"3.5.25 07:27",registration,0.00
2787,415,"18/5/2025 16:40",view_content,0.00
2788,415,"24.7.25 14:27",view_content,0.00
2789,415,"18-7-2025 14:05",login,0.00
2790,416,"18.1.25 19:48",registration,0.00
2791,416,"07.02.2025 23:18",view_content,0.00
2792,416,"21.03.2025 01:13",purchase,20.00
2793,416,"27.06.2025 17:21",play_video,0.00
2794,416,"26/6/2025 02:44",login,0.00
2795,417,"20.06.2025 00:30",registration,0.00
2796,417,"21.06.2025 23:38",view_content,0.00
2797,417,"17/07/2025 13:25",login,0.00
2798,417,"22/7/2025 02:14",view_content,0.00
2799,417,"05/08/2025 0:15",login,0.00
2800,417,"10/10/2025 11:04",play_video,0.00
2801,417,"06/11/2025 23:51",login,0.00
2802,417,"20/10/2025 07:12",play_video,0.00
2803,417,"5-12-2025 11:45",login,0.00
2804,417,"28/12/2025 11:43",view_content,0.00
2805,417,"11.01.2026 05:06",login,0.00
2806,417,"19.01.2026 17:07",login,0.00
2807,417,"27/1/2026 22:20",login,0.00
2808,417,"30/03/2026 23:11",play_video,0.00
2809,417,"11/04/2026 13:12",cancel,0.00
2810,418,"27/5/2025 21:42",registration,0.00
2811,418,"30-6-2025 14:16",view_content,0.00
2812,418,"1.7.25 18:55",play_video,0.00
2813,418,"31/8/2025 18:46",play_video,0.00
2814,418,"14/09/2025 16:15",login,0.00
2815,418,"6/11/2025 22:11",view_content,0.00
2816,418,"10/11/2025 4:26",cancel,0.00
2817,419,"08/01/2025 9:19",registration,0.00
2818,419,"21/01/2025 04:42",view_content,0.00
2819,419,"15-1-2025 07:28",login,0.00
2820,419,"3/3/2025 12:04",view_content,0.00
2821,419,"04.03.2025 01:55",view_content,0.00
2822,420,"8.1.25 12:37",registration,0.00
2823,420,"20/1/2025 07:24",login,0.00
2824,420,"19.02.2025 17:55",login,0.00
2825,420,"13/02/2025 14:09",login,0.00
2826,420,"26/04/2025 23:21",view_content,0.00
2827,420,"10.05.2025 12:49",login,0.00
2828,420,"24.5.25 20:08",login,0.00
2829,420,"29/07/2025 13:33",view_content,0.00
2830,421,"21.6.25 22:30",registration,0.00
2831,421,"16/07/2025 13:11",view_content,0.00
2832,421,"2-8-2025 11:01",support_request,0.00
2833,421,"29.8.25 01:27",view_content,0.00
2834,422,"3-4-2025 20:43",registration,0.00
2835,422,"5/4/2025 23:17",play_video,0.00
2836,422,"7.4.25 10:27",view_content,0.00
2837,422,"30.05.2025 00:35",view_content,0.00
2838,422,"13/06/2025 16:25",view_content,0.00
2839,422,"16/07/2025 00:48",play_video,0.00
2840,422,"8/7/2025 6:59",login,0.00
2841,422,"02.08.2025 21:33",play_video,0.00
2842,422,"8-8-2025 9:53",login,0.00
2843,423,"09/05/2025 12:06",registration,0.00
2844,423,"27-5-2025 17:32",view_content,0.00
2845,423,"20.05.2025 18:06",view_content,0.00
2846,423,"21/06/2025 13:07",support_request,0.00
2847,423,"25.07.2025 00:04",login,0.00
2848,423,"30.8.25 09:32",login,0.00
2849,424,"12.6.25 02:38",registration,0.00
2850,424,"07/07/2025 1:41",login,0.00
2851,424,"01.07.2025 02:15",play_video,0.00
2852,424,"31/08/2025 02:33",login,0.00
2853,424,"13/9/2025 08:47",play_video,0.00
2854,424,"24.09.2025 05:53",view_content,0.00
2855,424,"23/10/2025 05:52",support_request,0.00
2856,424,"03.12.2025 11:10",login,0.00
2857,424,"25.11.2025 10:33",view_content,0.00
2858,425,"24-3-2025 10:18",registration,0.00
2859,425,"12/04/2025 22:15",view_content,0.00
2860,425,"20.05.2025 23:18",login,0.00
2861,425,"11-5-2025 18:08",play_video,0.00
2862,425,"24/05/2025 20:25",view_content,0.00
2863,425,"26/06/2025 05:24",view_content,0.00
2864,425,"23-7-2025 19:41",login,0.00
2865,425,"8.8.25 08:47",login,0.00
2866,425,"22-9-2025 05:21",view_content,0.00
2867,425,"21.09.2025 08:10",purchase,20.00
2868,426,"11/2/2025 19:47",registration,0.00
2869,426,"20.2.25 02:05",play_video,0.00
2870,426,"03.04.2025 13:35",login,0.00
2871,427,"28/04/2025 18:24",registration,0.00
2872,427,"07/06/2025 19:18",login,0.00
2873,427,"19/07/2025 10:49",view_content,0.00
2874,427,"20/7/2025 11:35",view_content,0.00
2875,427,"30.8.25 04:01",view_content,0.00
2876,427,"4.9.25 14:38",login,0.00
2877,428,"8-6-2025 1:06",registration,0.00
2878,428,"30.6.25 08:37",login,0.00
2879,428,"16.07.2025 15:18",play_video,0.00
2880,428,"17/10/2025 17:06",view_content,0.00
2881,428,"20.10.25 15:25",view_content,0.00
2882,428,"19-11-2025 12:10",login,0.00
2883,428,"11.12.25 22:24",view_content,0.00
2884,428,"25.12.2025 19:52",view_content,0.00
2885,429,"23.3.25 12:42",registration,0.00
2886,429,"6-5-2025 20:14",login,0.00
2887,429,"04.05.2025 23:57",cancel,0.00
2888,430,"13-5-2025 09:57",registration,0.00
2889,430,"5.6.25 06:02","",0.00
2890,430,"26.05.2025 07:50",view_content,0.00
2891,430,"14/6/2025 12:58",login,0.00
2892,430,"25/07/2025 03:26",view_content,0.00
2893,430,"19/8/2025 20:22",view_content,0.00
2894,430,"7.12.25 05:01",support_request,0.00
2895,430,"01.12.2025 03:14",login,0.00
2896,430,"6.1.26 05:23",purchase,30.00
2897,431,"5/3/2025 13:06",registration,0.00
2898,431,"6.3.25 02:15",login,0.00
2899,431,"18.4.25 19:05",view_content,0.00
2900,431,"15.04.2025 03:38",view_content,0.00
2901,432,"21.05.2025 14:25",registration,0.00
2902,432,"29.05.2025 09:56",login,0.00
2903,432,"05/06/2025 9:35",cancel,0.00
2904,432,"07/07/2025 10:27",view_content,0.00
2905,432,"22.6.25 08:24",play_video,0.00
2906,432,"9-8-2025 20:41",login,0.00
2907,432,"2/9/2025 9:15",view_content,0.00
2908,433,"26/3/2025 13:15",registration,0.00
2909,433,"10/4/2025 13:17",login,0.00
2910,434,"15-4-2025 19:54",registration,0.00
2911,434,"11.05.2025 01:37",view_content,0.00
2912,434,"3.5.25 00:05",view_content,0.00
2913,434,"8-6-2025 15:08",view_content,0.00
2914,434,"16-5-2025 02:17",login,0.00
2915,434,"1/7/2025 4:47",view_content,0.00
2916,434,"17-8-2025 10:18",login,0.00
2917,434,"03.09.2025 13:44",login,0.00
2918,434,"30-9-2025 16:44",login,0.00
2919,435,"17.02.2025 16:33",registration,0.00
2920,435,"18/2/2025 14:27",login,0.00
2921,435,"15-3-2025 10:45",view_content,0.00
2922,435,"29.3.25 14:06",support_request,0.00
2923,435,"22/03/2025 01:29",view_content,0.00
2924,435,"8/5/2025 10:56",view_content,0.00
2925,435,"29.4.25 18:07",cancel,0.00
2926,435,"12.6.25 07:18",login,0.00
2927,436,"28/06/2025 11:46",registration,0.00
2928,436,"4-7-2025 13:36",login,0.00
2929,436,"02.08.2025 14:55",login,0.00
2930,436,"12-9-2025 11:26",play_video,0.00
2931,436,"20-9-2025 14:53",login,0.00
2932,436,"01/10/2025 21:19",login,0.00
2933,436,"9-1-2026 13:44",login,0.00
2934,436,"3/1/2026 6:29",login,0.00
2935,437,"8-2-2025 9:23",registration,0.00
2936,437,"01/03/2025 3:27",cancel,0.00
2937,437,"15.03.2025 00:56",login,0.00
2938,438,"25.5.25 09:14",registration,0.00
2939,438,"28.7.25 12:01",login,0.00
2940,438,"5-9-2025 9:47",support_request,0.00
2941,438,"4/9/2025 7:37",cancel,0.00
2942,439,"3/3/2025 1:26",registration,0.00
2943,439,"20/3/2025 05:50",login,0.00
2944,439,"8.4.25 17:14",view_content,0.00
2945,439,"14.04.2025 09:48",login,0.00
2946,439,"10.5.25 19:10",login,0.00
2947,439,"22.06.2025 23:31",support_request,0.00
2948,439,"27-6-2025 07:51",login,0.00
2949,439,"07.07.2025 15:47",login,0.00
2950,439,"24/07/2025 20:13",view_content,0.00
2951,440,"15/01/2025 16:13",registration,0.00
2952,440,"26-1-2025 13:47",play_video,0.00
2953,440,"20-1-2025 16:20",play_video,0.00
2954,440,"07/03/2025 6:40",view_content,0.00
2955,440,"11.04.2025 18:29",login,0.00
2956,440,"10/5/2025 11:02",login,0.00
2957,440,"4-5-2025 18:13",cancel,0.00
2958,440,"31/5/2025 00:51",view_content,0.00
2959,440,"28-8-2025 03:54",purchase,10.00
2960,441,"14/01/2025 03:13",registration,0.00
2961,441,"22.1.25 00:07",view_content,0.00
2962,441,"19.2.25 15:49",view_content,0.00
2963,441,"19/03/2025 19:51",login,0.00
2964,441,"27.4.25 22:53",login,0.00
2965,441,"03/05/2025 13:17",view_content,0.00
2966,442,"14.01.2025 22:18",registration,0.00
2967,442,"4-2-2025 1:35",cancel,0.00
2968,442,"28-3-2025 01:31",view_content,0.00
2969,443,"19.03.2025 19:29",registration,0.00
2970,443,"20/5/2025 23:30",view_content,0.00
2971,444,"08.06.2025 23:47",registration,0.00
2972,444,"22/6/2025 01:33",view_content,0.00
2973,444,"24-6-2025 07:27",view_content,0.00
2974,444,"21.7.25 16:44",login,0.00
2975,444,"1.9.25 12:16",view_content,0.00
2976,444,"13/08/2025 23:27",view_content,0.00
2977,444,"8.9.25 19:10",login,0.00
2978,444,"09.09.2025 03:15",view_content,0.00
2979,445,"21-6-2025 18:40",registration,0.00
2980,445,"21/6/2025 20:05",view_content,0.00
2981,445,"27.06.2025 03:04",login,0.00
2982,445,"6-8-2025 3:02",login,0.00
2983,445,"7/9/2025 0:31",login,0.00
2984,445,"4-9-2025 14:59",login,0.00
2985,445,"14.10.2025 06:29",cancel,0.00
2986,445,"29/10/2025 10:49",play_video,0.00
2987,445,"12-11-2025 17:05",login,0.00
2988,446,"8/1/2025 5:53",registration,0.00
2989,446,"23-1-2025 03:31",play_video,0.00
2990,446,"18-1-2025 00:51",login,0.00
2991,446,"18.2.25 18:07",cancel,0.00
2992,446,"4/3/2025 15:42",cancel,0.00
2993,446,"26.3.25 08:44",purchase,20.00
2994,446,"21.4.25 15:22",login,0.00
2995,446,"28-5-2025 08:29",view_content,0.00
2996,446,"8/5/2025 10:12",login,0.00
2997,446,"21.6.25 01:00",login,0.00
2998,446,"18.06.2025 19:10",login,0.00
2999,447,"2.4.25 03:34",registration,0.00
3000,447,"11.04.2025 11:07",login,0.00
3001,448,"21/2/2025 23:20",registration,0.00
3002,448,"23.02.2025 12:23",view_content,0.00
3003,448,"11.3.25 15:25",view_content,0.00
3004,448,"27.03.2025 21:25",play_video,0.00
3005,448,"26.05.2025 15:25",login,0.00
3006,448,"07.06.2025 10:41",cancel,0.00
3007,448,"15.8.25 23:52",view_content,0.00
3008,448,"18.08.2025 21:40",login,0.00
3009,449,"6-3-2025 11:28",registration,0.00
3010,449,"18.03.2025 03:59",login,0.00
3011,449,"16/4/2025 21:17",view_content,0.00
3012,449,"17.04.2025 02:18",login,0.00
3013,449,"04/06/2025 13:26",view_content,0.00
3014,449,"27-6-2025 20:37",login,0.00
3015,449,"23/7/2025 07:00",purchase,10.00
3016,449,"8.8.25 03:44",login,0.00
3017,449,"14/9/2025 08:11",play_video,0.00
3018,449,"4.9.25 07:12",support_request,0.00
3019,449,"23.10.25 20:14",login,0.00
3020,449,"18/10/2025 05:44",login,0.00
3021,450,"09/04/2025 16:28",registration,0.00
3022,450,"5-5-2025 13:10",login,0.00
3023,450,"3.5.25 22:22",play_video,0.00
3024,450,"2-6-2025 16:23",cancel,0.00
3025,450,"10-6-2025 19:08",login,0.00
3026,450,"4.7.25 03:51",view_content,0.00
3027,450,"29-7-2025 22:07",view_content,0.00
3028,450,"01/08/2025 3:50",login,0.00
3029,450,"26/8/2025 03:24",login,0.00
3030,451,"16/05/2025 19:20",registration,0.00
3031,451,"29/5/2025 02:23",purchase,10.00
3032,451,"19.6.25 04:24",play_video,0.00
3033,451,"17/06/2025 20:31",login,0.00
3034,451,"30.07.2025 20:51",view_content,0.00
3035,451,"25.08.2025 20:57",support_request,0.00
3036,451,"17-8-2025 11:32",view_content,0.00
3037,451,"14.10.2025 16:28",play_video,0.00
3038,451,"26.11.2025 23:49",login,0.00
3039,452,"23-1-2025 06:12",registration,0.00
3040,452,"09/06/2025 23:47",login,0.00
3041,452,"18.6.25 01:37",play_video,0.00
3042,453,"13.4.25 08:28",registration,0.00
3043,453,"23-4-2025 18:29",login,0.00
3044,453,"3.6.25 02:22",play_video,0.00
3045,453,"24/06/2025 00:07",login,0.00
3046,453,"19.07.2025 05:59",play_video,0.00
3047,453,"23.8.25 01:24",login,0.00
3048,453,"25.8.25 08:45",login,0.00
3049,453,"01.10.2025 02:12",view_content,0.00
3050,453,"20/9/2025 21:31",view_content,0.00
3051,453,"29-10-2025 06:58",cancel,0.00
3052,454,"20/04/2025 09:01",registration,0.00
3053,454,"30-6-2025 21:01",support_request,0.00
3054,454,"17.7.25 03:05",view_content,0.00
3055,454,"31-8-2025 19:37",login,0.00
3056,454,"01/09/2025 23:23",login,0.00
3057,455,"2/4/2025 8:57",registration,0.00
3058,455,"03/04/2025 18:24",view_content,0.00
3059,455,"17.04.2025 12:58",view_content,0.00
3060,456,"13.05.2025 00:46",registration,0.00
3061,456,"22.5.25 00:29",view_content,0.00
3062,456,"29/6/2025 05:07",cancel,0.00
3063,456,"03.07.2025 04:03",play_video,0.00
3064,456,"26/07/2025 07:23",play_video,0.00
3065,456,"24/07/2025 17:04",view_content,0.00
3066,456,"15.8.25 17:45",view_content,0.00
3067,456,"15/08/2025 15:03",view_content,0.00
3068,456,"15-9-2025 14:32",view_content,0.00
3069,456,"12.9.25 01:54",view_content,0.00
3070,457,"14-5-2025 10:47",registration,0.00
3071,457,"23-5-2025 10:33",login,0.00
3072,457,"29.7.25 13:52",login,0.00
3073,457,"12-8-2025 18:43",view_content,0.00
3074,457,"9.9.25 02:06",login,0.00
3075,458,"07.06.2025 06:05",registration,0.00
3076,458,"25/07/2025 04:26",login,0.00
3077,459,"16-2-2025 22:17",registration,0.00
3078,459,"08.04.2025 11:08",play_video,0.00
3079,459,"27.03.2025 06:10",login,0.00
3080,459,"4.5.25 17:15",view_content,0.00
3081,459,"6.6.25 12:19",login,0.00
3082,459,"10/07/2025 20:05",login,0.00
3083,460,"4.1.25 12:20",registration,0.00
3084,461,"08.03.2025 07:00",registration,0.00
3085,461,"17.3.25 05:42",view_content,0.00
3086,461,"8/3/2025 8:36",login,0.00
3087,462,"16.05.2025 05:05",registration,0.00
3088,462,"09.06.2025 08:43",login,0.00
3089,462,"27.06.2025 02:48",login,0.00
3090,462,"08/08/2025 21:42",view_content,0.00
3091,462,"4-10-2025 15:35",login,0.00
3092,463,"29/03/2025 18:37",registration,0.00
3093,463,"13.4.25 22:36",login,0.00
3094,463,"05/05/2025 7:50",cancel,0.00
3095,463,"04/06/2025 0:14",login,0.00
3096,463,"12.07.2025 14:14",login,0.00
3097,463,"14/08/2025 09:15",play_video,0.00
3098,463,"12-8-2025 8:02",play_video,0.00
3099,463,"30.8.25 17:16",view_content,0.00
3100,463,"5.10.25 22:34",cancel,0.00
3101,464,"24.02.2025 13:48",registration,0.00
3102,464,"19.04.2025 19:13",view_content,0.00
3103,464,"7/4/2025 11:50",login,0.00
3104,464,"20.05.2025 10:28",login,0.00
3105,464,"30/5/2025 00:47",play_video,0.00
3106,464,"01.08.2025 09:23",login,0.00
3107,464,"03/08/2025 14:13",login,0.00
3108,464,"12/09/2025 0:38",login,0.00
3109,464,"08/09/2025 1:03",view_content,0.00
3110,465,"05.02.2025 05:36",registration,0.00
3111,465,"12-3-2025 10:37",play_video,0.00
3112,465,"27.03.2025 18:30",login,0.00
3113,465,"30.7.25 03:08",view_content,0.00
3114,466,"17-3-2025 05:28",registration,0.00
3115,466,"29.03.2025 14:24",login,0.00
3116,466,"09.06.2025 05:27",support_request,0.00
3117,466,"12/6/2025 15:43",login,0.00
3118,466,"03/07/2025 5:25",purchase,30.00
3119,467,"3/5/2025 7:51",registration,0.00
3120,467,"10.5.25 11:31",view_content,0.00
3121,467,"27-6-2025 13:37",view_content,0.00
3122,467,"9/6/2025 9:55",play_video,0.00
3123,467,"26-7-2025 04:14",login,0.00
3124,467,"9-7-2025 20:04",support_request,0.00
3125,467,"11.8.25 07:59",login,0.00
3126,467,"26/08/2025 17:44",login,0.00
3127,467,"14.10.2025 17:21",login,0.00
3128,467,"24/11/2025 14:09",login,0.00
3129,467,"01/11/2025 5:33",cancel,0.00
3130,468,"01/04/2025 4:38",registration,0.00
3131,468,"15.4.25 01:18",login,0.00
3132,468,"28.4.25 12:10",test_event,0.00
3133,468,"11-5-2025 12:11",cancel,0.00
3134,468,"12-5-2025 16:48",purchase,15.00
3135,468,"9.6.25 08:17",view_content,0.00
3136,468,"9.7.25 07:54",view_content,0.00
3137,468,"10/7/2025 0:01",view_content,0.00
3138,469,"22-3-2025 07:12",registration,0.00
3139,469,"17-4-2025 19:24",login,0.00
3140,469,"24.04.2025 12:15",play_video,0.00
3141,469,"13.05.2025 05:54",login,0.00
3142,469,"5.6.25 21:30",view_content,0.00
3143,469,"12-6-2025 1:06",cancel,0.00
3144,469,"21.06.2025 19:03",view_content,0.00
3145,469,"2/8/2025 1:26",cancel,0.00
3146,469,"1-8-2025 22:59",login,0.00
3147,469,"12-9-2025 8:58",support_request,0.00
3148,469,"13.10.25 10:00",view_content,0.00
3149,469,"27-9-2025 02:30",login,0.00
3150,470,"25.02.2025 05:08",registration,0.00
3151,470,"20-3-2025 20:18",view_content,0.00
3152,470,"10.03.2025 18:18",view_content,0.00
3153,470,"15.4.25 20:22",cancel,0.00
3154,470,"11/4/2025 3:54",support_request,0.00
3155,471,"3.2.25 03:05",registration,0.00
3156,471,"20/02/2025 16:32",login,0.00
3157,472,"16.02.2025 16:24",registration,0.00
3158,472,"25/2/2025 14:37",play_video,0.00
3159,472,"26-2-2025 02:22",login,0.00
3160,472,"27.3.25 14:01",purchase,10.00
3161,472,"10-4-2025 7:11",view_content,0.00
3162,472,"5-5-2025 0:49",view_content,0.00
3163,472,"18.04.2025 12:10",view_content,0.00
3164,472,"01.06.2025 07:20",view_content,0.00
3165,472,"10/8/2025 14:11",play_video,0.00
3166,472,"23/07/2025 22:09",play_video,0.00
3167,472,"19/08/2025 22:59",view_content,0.00
3168,472,"5.10.25 17:19",play_video,0.00
3169,472,"02.11.2025 04:55",login,0.00
3170,472,"30.10.25 07:41",play_video,0.00
3171,473,"5.5.25 03:47",registration,0.00
3172,473,"30/05/2025 14:35",login,0.00
3173,473,"22/5/2025 03:58",play_video,0.00
3174,473,"19/6/2025 06:53",login,0.00
3175,473,"20.06.2025 02:08",login,0.00
3176,473,"24.7.25 09:58",login,0.00
3177,473,"27.7.25 09:21",login,0.00
3178,473,"12/8/2025 13:08",login,0.00
3179,473,"12.8.25 00:37",play_video,0.00
3180,473,"21/9/2025 22:14",play_video,0.00
3181,473,"14.10.2025 15:46",play_video,0.00
3182,473,"03/10/2025 18:22",view_content,0.00
3183,474,"27/05/2025 02:19",registration,0.00
3184,474,"27/05/2025 22:49",support_request,0.00
3185,474,"14.06.2025 13:38",login,0.00
3186,474,"19/7/2025 10:48",login,0.00
3187,474,"30/06/2025 06:21",cancel,0.00
3188,475,"16.05.2025 02:04",registration,0.00
3189,475,"19-5-2025 17:29",support_request,0.00
3190,475,"16.07.2025 09:14",view_content,0.00
3191,475,"8.10.25 07:48",login,0.00
3192,475,"20.09.2025 20:19",login,0.00
3193,475,"09.11.2025 00:15",view_content,0.00
3194,476,"14/5/2025 01:34",registration,0.00
3195,476,"10.6.25 05:48",view_content,0.00
3196,476,"1/6/2025 16:09",login,0.00
3197,476,"24-7-2025 22:53",login,0.00
3198,476,"30.8.25 00:00",login,0.00
3199,476,"26/08/2025 19:34",login,0.00
3200,476,"20/09/2025 06:12",login,0.00
3201,476,"27.10.2025 22:15",view_content,0.00
3202,477,"19/2/2025 14:29",registration,0.00
3203,477,"20.02.2025 23:43",login,0.00
3204,477,"4/4/2025 15:58",view_content,0.00
3205,477,"23/03/2025 11:10",login,0.00
3206,477,"6-5-2025 10:06",play_video,0.00
3207,477,"16/05/2025 15:08",play_video,0.00
3208,477,"1-7-2025 19:40",login,0.00
3209,477,"31/07/2025 21:15",view_content,0.00
3210,477,"12.8.25 01:19",login,0.00
3211,478,"28-2-2025 22:12",registration,0.00
3212,478,"20-3-2025 10:49",login,0.00
3213,478,"18.04.2025 01:11",view_content,0.00
3214,478,"15/5/2025 04:24",login,0.00
3215,478,"23/05/2025 20:18",view_content,0.00
3216,478,"4/6/2025 23:23",purchase,20.00
3217,478,"2-6-2025 1:04",login,0.00
3218,478,"01/07/2025 10:27",login,0.00
3219,478,"3-8-2025 15:48",play_video,0.00
3220,479,"09/05/2025 2:03",registration,0.00
3221,479,"15.5.25 23:28",view_content,0.00
3222,479,"25/5/2025 16:45",login,0.00
3223,479,"27.07.2025 22:47",view_content,0.00
3224,479,"30.8.25 19:18",purchase,20.00
3225,479,"23/9/2025 10:00",support_request,0.00
3226,479,"7/9/2025 8:39",login,0.00
3227,479,"19-10-2025 12:32",cancel,0.00
3228,479,"16.10.2025 02:54",login,0.00
3229,480,"7.6.25 22:04",registration,0.00
3230,480,"14.6.25 12:33",login,0.00
3231,480,"22.6.25 01:27",view_content,0.00
3232,480,"17.07.2025 15:18",login,0.00
3233,480,"30.9.25 15:25",login,0.00
3234,480,"28/9/2025 02:18",purchase,10.00
3235,481,"10.02.2025 15:20",registration,0.00
3236,481,"15/2/2025 19:51",login,0.00
3237,481,"30/04/2025 17:22",login,0.00
3238,481,"14-4-2025 16:36",view_content,0.00
3239,481,"07/06/2025 13:07",view_content,0.00
3240,481,"18/06/2025 22:59",play_video,0.00
3241,481,"29/07/2025 03:46",play_video,0.00
3242,481,"6/8/2025 10:16",login,0.00
3243,481,"28/08/2025 01:52",view_content,0.00
3244,482,"12/3/2025 1:14",registration,0.00
3245,482,"18.3.25 02:05",login,0.00
3246,482,"05.05.2025 23:31",login,0.00
3247,482,"3.6.25 03:32",purchase,30.00
3248,482,"26/5/2025 10:44",play_video,0.00
3249,482,"5/7/2025 8:14",login,0.00
3250,482,"13.7.25 04:22",login,0.00
3251,482,"25/09/2025 12:31",login,0.00
3252,483,"06/01/2025 17:27",registration,0.00
3253,483,"19-1-2025 20:45",play_video,0.00
3254,483,"17-1-2025 06:53","",0.00
3255,483,"17-2-2025 17:02",login,0.00
3256,483,"18-2-2025 13:56",login,0.00
3257,483,"18-3-2025 20:15",play_video,0.00
3258,483,"20-4-2025 18:56",login,0.00
3259,483,"10-5-2025 9:10",login,0.00
3260,483,"8-5-2025 18:21",view_content,0.00
3261,483,"13.06.2025 10:13",login,0.00
3262,483,"16.6.25 20:04",cancel,0.00
3263,483,"13/07/2025 02:43",login,0.00
3264,483,"26/07/2025 20:46",play_video,0.00
3265,484,"22-3-2025 17:15",registration,0.00
3266,484,"28/3/2025 14:29",view_content,0.00
3267,484,"30.4.25 21:51",view_content,0.00
3268,484,"22/5/2025 09:31",play_video,0.00
3269,484,"18.07.2025 12:19",view_content,0.00
3270,484,"1-8-2025 8:44",login,0.00
3271,484,"3.8.25 19:39",view_content,0.00
3272,484,"14-9-2025 10:32",login,0.00
3273,484,"19-9-2025 04:06",cancel,0.00
3274,485,"18/3/2025 03:51",registration,0.00
3275,485,"7-4-2025 16:54",play_video,0.00
3276,485,"20-3-2025 16:34",login,0.00
3277,485,"17/4/2025 12:24",login,0.00
3278,485,"23-5-2025 23:01",view_content,0.00
3279,485,"22/05/2025 08:44",login,0.00
3280,485,"29.08.2025 00:17",view_content,0.00
3281,485,"3/9/2025 12:16",play_video,0.00
3282,486,"27-6-2025 06:04",registration,0.00
3283,486,"3-8-2025 19:28",purchase,10.00
3284,486,"22/08/2025 18:35",login,0.00
3285,487,"05.04.2025 15:06",registration,0.00
3286,487,"12.4.25 19:03",login,0.00
3287,487,"18/4/2025 18:19",view_content,0.00
3288,487,"14.05.2025 23:25",purchase,10.00
3289,487,"20.05.2025 07:28",view_content,0.00
3290,488,"02/02/2025 2:38",registration,0.00
3291,488,"11-2-2025 17:01",test_event,0.00
3292,488,"21.02.2025 15:56",login,0.00
3293,488,"22/3/2025 12:36",play_video,0.00
3294,488,"10.03.2025 02:12",login,0.00
3295,488,"26/4/2025 03:03",login,0.00
3296,488,"21/04/2025 15:33",view_content,0.00
3297,488,"11.06.2025 04:27",support_request,0.00
3298,488,"20/7/2025 07:36",cancel,0.00
3299,489,"05/01/2025 19:55",registration,0.00
3300,489,"30-1-2025 21:26",play_video,0.00
3301,489,"8/2/2025 19:08",view_content,0.00
3302,489,"23.02.2025 09:33",view_content,0.00
3303,489,"23-3-2025 17:41",play_video,0.00
3304,489,"30/04/2025 17:03",play_video,0.00
3305,489,"26/04/2025 18:20",play_video,0.00
3306,489,"21/5/2025 11:16",login,0.00
3307,489,"30.5.25 14:06",view_content,0.00
3308,490,"23.05.2025 15:40",registration,0.00
3309,490,"29/05/2025 16:44",view_content,0.00
3310,490,"29-6-2025 02:25",view_content,0.00
3311,490,"23/6/2025 11:29",login,0.00
3312,490,"30.7.25 12:53",view_content,0.00
3313,490,"15/9/2025 14:08",login,0.00
3314,491,"19-4-2025 10:18",registration,0.00
3315,491,"20/4/2025 01:42",login,0.00
3316,491,"6-7-2025 14:28",view_content,0.00
3317,491,"29.07.2025 22:32",login,0.00
3318,492,"16.3.25 01:18",registration,0.00
3319,492,"07.04.2025 12:23",view_content,0.00
3320,492,"15.04.2025 05:54",view_content,0.00
3321,492,"19-4-2025 21:33",login,0.00
3322,492,"19.05.2025 06:27",login,0.00
3323,492,"07/06/2025 4:59",login,0.00
3324,492,"17.6.25 20:44",view_content,0.00
3325,492,"9/7/2025 14:45",play_video,0.00
3326,492,"31.07.2025 16:34",purchase,15.00
3327,492,"06.08.2025 04:37",view_content,0.00
3328,492,"2/9/2025 5:52",login,0.00
3329,492,"8.10.25 13:36",login,0.00
3330,493,"4-4-2025 13:09",registration,0.00
3331,493,"13.04.2025 08:48",play_video,0.00
3332,493,"19-5-2025 05:00",cancel,0.00
3333,493,"27/09/2025 07:40",play_video,0.00
3334,493,"27-9-2025 09:30",view_content,0.00
3335,494,"14.06.2025 20:32",registration,0.00
3336,494,"19.6.25 10:08",view_content,0.00
3337,494,"20/07/2025 00:32",view_content,0.00
3338,494,"10/08/2025 2:12",view_content,0.00
3339,495,"24.02.2025 19:58",registration,0.00
3340,495,"17/3/2025 03:51",login,0.00
3341,495,"27-2-2025 10:31",play_video,0.00
3342,495,"12.4.25 22:18",login,0.00
3343,495,"09/05/2025 10:21",play_video,0.00
3344,495,"17-7-2025 22:38",purchase,20.00
3345,495,"12/7/2025 6:41",login,0.00
3346,496,"21/03/2025 03:35",registration,0.00
3347,496,"04/05/2025 0:00",view_content,0.00
3348,497,"14/2/2025 13:31",registration,0.00
3349,497,"8-3-2025 18:24",login,0.00
3350,497,"8/3/2025 0:55",login,0.00
3351,497,"12-4-2025 19:40",cancel,0.00
3352,497,"31.3.25 02:42",cancel,0.00
3353,497,"28-4-2025 20:08",login,0.00
3354,497,"30.4.25 20:03",play_video,0.00
3355,497,"28.5.25 13:46",view_content,0.00
3356,497,"7.6.25 15:29",play_video,0.00
3357,497,"10.7.25 19:29",login,0.00
3358,497,"20/06/2025 13:18",login,0.00
3359,498,"4/1/2025 10:45",registration,0.00
3360,498,"30.1.25 03:01",login,0.00
3361,498,"5/1/2025 7:18",view_content,0.00
3362,498,"2.3.25 09:12",play_video,0.00
3363,498,"08.02.2025 12:36",login,0.00
3364,498,"11/3/2025 1:57",view_content,0.00
3365,498,"13/04/2025 20:03",view_content,0.00
3366,498,"1-5-2025 17:37",view_content,0.00
3367,499,"3-5-2025 11:48",registration,0.00
3368,499,"14.5.25 18:45",purchase,10.00
3369,499,"07/05/2025 16:22",login,0.00
3370,499,"07.06.2025 14:48",login,0.00
3371,500,"06/02/2025 21:19",registration,0.00
3372,500,"16-2-2025 11:16",view_content,0.00
3373,500,"18/3/2025 10:24",login,0.00
3374,501,"11.3.25 22:04",registration,0.00
3375,501,"17/04/2025 01:28",login,0.00
3376,501,"1/5/2025 1:12",support_request,0.00
3377,501,"05.08.2025 15:54",view_content,0.00
3378,502,"7/1/2025 12:31",registration,0.00
3379,503,"17-6-2025 10:29",registration,0.00
3380,503,"24.6.25 06:24",login,0.00
3381,503,"13.8.25 16:47",login,0.00
3382,503,"12-8-2025 5:29",play_video,0.00
3383,503,"01.09.2025 19:01",login,0.00
3384,503,"09/10/2025 9:12",view_content,0.00
3385,503,"29.11.2025 13:55",view_content,0.00
3386,503,"23.12.25 05:55",support_request,0.00
3387,503,"3/2/2026 19:24",login,0.00
3388,503,"09/02/2026 11:49",login,0.00
3389,503,"27/3/2026 14:27",login,0.00
3390,503,"8.4.26 18:59",view_content,0.00
3391,504,"02.06.2025 18:28",registration,0.00
3392,504,"3.6.25 19:57",view_content,0.00
3393,504,"9/9/2025 5:40",support_request,0.00
3394,505,"02.06.2025 03:46",registration,0.00
3395,505,"14-7-2025 09:01",view_content,0.00
3396,505,"15.8.25 05:42",login,0.00
3397,505,"27-9-2025 12:26",login,0.00
3398,505,"2.9.25 13:01",login,0.00
3399,505,"24.10.25 16:00",login,0.00
3400,505,"24-10-2025 23:15",login,0.00
3401,505,"03/12/2025 7:55",login,0.00
3402,505,"6/12/2025 7:08",view_content,0.00
3403,505,"25.01.2026 20:56",cancel,0.00
3404,505,"19.1.26 13:55",play_video,0.00
3405,505,"14.3.26 18:53",login,0.00
3406,506,"16.3.25 14:21",registration,0.00
3407,506,"3.4.25 04:57",login,0.00
3408,506,"30.03.2025 08:40",play_video,0.00
3409,506,"25.04.2025 09:57",login,0.00
3410,506,"21-4-2025 07:29",play_video,0.00
3411,506,"1-7-2025 9:34",view_content,0.00
3412,506,"4.7.25 07:58",view_content,0.00
3413,506,"19/7/2025 15:40",view_content,0.00
3414,506,"10.9.25 02:58",view_content,0.00
3415,507,"11.03.2025 22:38",registration,0.00
3416,507,"3/4/2025 17:42",view_content,0.00
3417,507,"1-5-2025 15:09",test_event,0.00
3418,507,"16.4.25 08:51",view_content,0.00
3419,507,"27/5/2025 19:37",view_content,0.00
3420,507,"16/5/2025 10:31",purchase,10.00
3421,507,"25.06.2025 17:03",purchase,10.00
3422,507,"4-8-2025 14:46",play_video,0.00
3423,507,"30/07/2025 08:33",play_video,0.00
3424,507,"19-8-2025 23:55",login,0.00
3425,507,"23.8.25 06:21",view_content,0.00
3426,507,"3-10-2025 9:48",login,0.00
3427,508,"13/4/2025 00:40",registration,0.00
3428,508,"9/5/2025 1:15",login,0.00
3429,508,"19-5-2025 01:13",purchase,20.00
3430,508,"4.6.25 19:09",support_request,0.00
3431,508,"1/7/2025 8:20",purchase,20.00
3432,508,"7/8/2025 16:41",play_video,0.00
3433,508,"25.7.25 21:49",view_content,0.00
3434,508,"7.9.25 13:23",login,0.00
3435,509,"26-4-2025 23:55",registration,0.00
3436,509,"14.5.25 20:51",play_video,0.00
3437,509,"19.7.25 17:18",login,0.00
3438,509,"8.8.25 03:38",login,0.00
3439,509,"7-9-2025 4:46",view_content,0.00
3440,509,"2.9.25 23:45",view_content,0.00
3441,509,"04.10.2025 20:25",view_content,0.00
3442,510,"25.03.2025 07:27",registration,0.00
3443,510,"6.4.25 10:17",view_content,0.00
3444,510,"18-4-2025 19:08",view_content,0.00
3445,510,"21/06/2025 03:12",view_content,0.00
3446,510,"21/6/2025 01:27",view_content,0.00
3447,510,"04.07.2025 10:33",view_content,0.00
3448,510,"30/6/2025 02:41",login,0.00
3449,511,"1.5.25 12:55",registration,0.00
3450,512,"14/04/2025 05:17",registration,0.00
3451,512,"07.05.2025 18:09",login,0.00
3452,512,"9/6/2025 23:21",login,0.00
3453,512,"15-6-2025 23:45",play_video,0.00
3454,512,"15/06/2025 09:26",test_event,0.00
3455,512,"19-9-2025 08:29",login,0.00
3456,512,"25.9.25 07:34",play_video,0.00
3457,512,"14/10/2025 11:19",play_video,0.00
3458,512,"23/10/2025 04:48",view_content,0.00
3459,513,"04.05.2025 07:56",registration,0.00
3460,513,"17/5/2025 03:02",play_video,0.00
3461,513,"5.7.25 08:07",login,0.00
3462,513,"14.07.2025 04:25",view_content,0.00
3463,513,"28.10.25 15:54",play_video,0.00
3464,513,"18-11-2025 15:31",play_video,0.00
3465,514,"12/02/2025 14:42",registration,0.00
3466,514,"4.3.25 14:50",login,0.00
3467,514,"5/3/2025 16:36",login,0.00
3468,514,"09.04.2025 07:43",view_content,0.00
3469,514,"19/04/2025 20:38",login,0.00
3470,514,"27.04.2025 00:59",login,0.00
3471,514,"21-5-2025 14:37",view_content,0.00
3472,514,"05/06/2025 23:01",login,0.00
3473,514,"08/08/2025 15:33",purchase,20.00
3474,514,"21.07.2025 08:19",play_video,0.00
3475,514,"08/09/2025 1:33",purchase,20.00
3476,515,"20-3-2025 08:15",registration,0.00
3477,515,"11/04/2025 10:28",login,0.00
3478,515,"31.03.2025 15:33",view_content,0.00
3479,515,"01/05/2025 19:50",play_video,0.00
3480,515,"13/5/2025 12:34",login,0.00
3481,515,"12-6-2025 6:39",view_content,0.00
3482,515,"05/06/2025 5:36",view_content,0.00
3483,515,"30/6/2025 03:54",purchase,20.00
3484,515,"20/6/2025 15:28",view_content,0.00
3485,516,"20/06/2025 15:15",registration,0.00
3486,516,"26.06.2025 11:28",login,0.00
3487,516,"7-7-2025 12:50",view_content,0.00
3488,516,"3/10/2025 7:33",cancel,0.00
3489,516,"05/10/2025 6:30",cancel,0.00
3490,517,"15.4.25 00:14",registration,0.00
3491,517,"12.05.2025 07:57",view_content,0.00
3492,517,"05.08.2025 07:54",view_content,0.00
3493,517,"14.08.2025 13:32",purchase,30.00
3494,518,"18-3-2025 20:41",registration,0.00
3495,518,"23-3-2025 23:36",view_content,0.00
3496,518,"28/03/2025 03:57",view_content,0.00
3497,518,"24.04.2025 00:32",play_video,0.00
3498,518,"23.5.25 13:10",login,0.00
3499,518,"19/05/2025 02:57",login,0.00
3500,518,"02/07/2025 13:03",login,0.00
3501,518,"24.6.25 09:56",login,0.00
3502,519,"4-6-2025 11:46",registration,0.00
3503,519,"23/06/2025 01:24",play_video,0.00
3504,519,"19/6/2025 00:01",login,0.00
3505,519,"26.7.25 04:02",support_request,0.00
3506,519,"4.7.25 23:15",login,0.00
3507,519,"27/08/2025 22:15",play_video,0.00
3508,519,"16-8-2025 19:37",login,0.00
3509,519,"21-9-2025 19:02",play_video,0.00
3510,519,"27.11.25 01:48",play_video,0.00
3511,519,"25/11/2025 11:55",login,0.00
3512,520,"12/02/2025 4:07",registration,0.00
3513,520,"25.2.25 15:22",view_content,0.00
3514,520,"20.03.2025 11:15",cancel,0.00
3515,520,"15.5.25 03:44",login,0.00
3516,520,"23.07.2025 00:18",play_video,0.00
3517,521,"28-5-2025 10:54",registration,0.00
3518,521,"8.7.25 21:33",view_content,0.00
3519,521,"1/8/2025 18:35",play_video,0.00
3520,521,"28/7/2025 23:10",view_content,0.00
3521,521,"09/09/2025 9:40",login,0.00
3522,521,"2-9-2025 16:52",view_content,0.00
3523,521,"19/10/2025 01:17",view_content,0.00
3524,521,"6-11-2025 9:57",view_content,0.00
3525,521,"15/11/2025 15:00",login,0.00
3526,521,"04.12.2025 19:54",login,0.00
3527,522,"24.2.25 22:35",registration,0.00
3528,522,"31.3.25 14:38",login,0.00
3529,522,"7-4-2025 16:15",login,0.00
3530,522,"20/05/2025 17:03",login,0.00
3531,523,"11-1-2025 12:35",registration,0.00
3532,523,"30.01.2025 12:40",login,0.00
3533,523,"14.1.25 06:08",test_event,0.00
3534,523,"2.3.25 03:48",login,0.00
3535,524,"5/4/2025 0:56",registration,0.00
3536,524,"15-4-2025 16:42",view_content,0.00
3537,524,"5-4-2025 10:56",play_video,0.00
3538,524,"16/05/2025 17:40",login,0.00
3539,524,"24/5/2025 16:13",play_video,0.00
3540,524,"20/06/2025 11:27",view_content,0.00
3541,524,"28.8.25 08:14",login,0.00
3542,524,"03/08/2025 19:18",view_content,0.00
3543,524,"13/09/2025 17:41",view_content,0.00
3544,524,"13/9/2025 16:47",login,0.00
3545,524,"13/10/2025 06:40",login,0.00
3546,524,"15.10.25 12:48",purchase,10.00
3547,525,"10/04/2025 0:01",registration,0.00
3548,525,"24-4-2025 15:01",view_content,0.00
3549,525,"4-5-2025 9:52",play_video,0.00
3550,525,"4/6/2025 22:47",login,0.00
3551,525,"10-7-2025 10:32",play_video,0.00
3552,525,"14/8/2025 07:41",purchase,10.00
3553,525,"09.09.2025 21:49",login,0.00
3554,525,"17/10/2025 11:56",support_request,0.00
3555,525,"24/11/2025 01:34",view_content,0.00
3556,525,"22-11-2025 23:21",login,0.00
3557,526,"03/05/2025 4:56",registration,0.00
3558,526,"29/05/2025 19:25",login,0.00
3559,526,"5-5-2025 7:51",purchase,15.00
3560,526,"2/7/2025 9:32",login,0.00
3561,526,"18-7-2025 21:17",support_request,0.00
3562,526,"5/8/2025 3:57",play_video,0.00
3563,526,"08/08/2025 2:10",view_content,0.00
3564,526,"23-9-2025 08:33",view_content,0.00
3565,527,"11-3-2025 10:51",registration,0.00
3566,527,"19/03/2025 18:26",login,0.00
3567,527,"3/4/2025 9:41",purchase,20.00
3568,527,"13.04.2025 23:34",login,0.00
3569,527,"6-5-2025 23:42",view_content,0.00
3570,527,"24-5-2025 10:17",view_content,0.00
3571,527,"3-6-2025 15:52",login,0.00
3572,527,"17.06.2025 15:39",play_video,0.00
3573,527,"02.07.2025 00:38",login,0.00
3574,527,"17.7.25 13:44",view_content,0.00
3575,527,"17/7/2025 17:46",login,0.00
3576,527,"03.09.2025 10:08",play_video,0.00
3577,527,"13/8/2025 14:56",view_content,0.00
3578,527,"20/9/2025 19:30",login,0.00
3579,528,"04/02/2025 6:10",registration,0.00
3580,528,"26.2.25 14:28",login,0.00
3581,529,"12.6.25 19:11",registration,0.00
3582,529,"16.10.2025 10:21",login,0.00
3583,529,"28-10-2025 10:25",view_content,0.00
3584,530,"25/6/2025 22:35",registration,0.00
3585,530,"18.7.25 07:06",play_video,0.00
3586,530,"13-7-2025 15:09",play_video,0.00
3587,530,"19-8-2025 16:06",view_content,0.00
3588,531,"24/4/2025 21:41",registration,0.00
3589,531,"2-6-2025 22:34",login,0.00
3590,531,"30.6.25 01:44",login,0.00
3591,531,"17-9-2025 14:43",login,0.00
3592,532,"21/01/2025 17:55",registration,0.00
3593,532,"01/02/2025 21:16",login,0.00
3594,532,"1-3-2025 19:29",login,0.00
3595,533,"7/2/2025 23:13",registration,0.00
3596,533,"12.02.2025 09:41",cancel,0.00
3597,533,"14.2.25 13:59",view_content,0.00
3598,533,"01.04.2025 04:14",play_video,0.00
3599,533,"09.05.2025 02:29",view_content,0.00
3600,533,"17-7-2025 14:00",purchase,15.00
3601,534,"23.5.25 06:28",registration,0.00
3602,534,"15.06.2025 08:23",login,0.00
3603,534,"14-6-2025 01:29",view_content,0.00
3604,534,"18.07.2025 11:22",test_event,0.00
3605,534,"10/7/2025 23:51",login,0.00
3606,534,"14.08.2025 12:50",login,0.00
3607,534,"23-7-2025 23:19",login,0.00
3608,534,"02.10.2025 00:01",login,0.00
3609,534,"9/10/2025 10:43",login,0.00
3610,534,"22.10.2025 05:46",login,0.00
3611,535,"15/4/2025 11:36",registration,0.00
3612,535,"7/6/2025 22:32",login,0.00
3613,535,"30.5.25 06:37",cancel,0.00
3614,535,"19/06/2025 09:09",login,0.00
3615,535,"7/7/2025 14:56",play_video,0.00
3616,535,"07.09.2025 18:12",purchase,20.00
3617,535,"15.10.2025 23:46",view_content,0.00
3618,536,"11-5-2025 13:27",registration,0.00
3619,536,"22/5/2025 08:13",view_content,0.00
3620,536,"30.5.25 07:43",play_video,0.00
3621,536,"31/07/2025 01:14",view_content,0.00
3622,537,"14/4/2025 21:09",registration,0.00
3623,537,"04/05/2025 0:40",login,0.00
3624,537,"6.6.25 14:00",login,0.00
3625,537,"29/06/2025 20:49",view_content,0.00
3626,537,"31/07/2025 22:34",view_content,0.00
3627,537,"29-8-2025 10:04",purchase,10.00
3628,537,"7.9.25 23:53",login,0.00
3629,537,"15/10/2025 00:14",view_content,0.00
3630,538,"20-2-2025 13:40",registration,0.00
3631,538,"25/02/2025 19:46",play_video,0.00
3632,538,"24/04/2025 05:17",login,0.00
3633,538,"18.05.2025 04:35",view_content,0.00
3634,538,"02/06/2025 23:44",view_content,0.00
3635,538,"26/05/2025 10:07",support_request,0.00
3636,538,"6-7-2025 13:18",login,0.00
3637,538,"23/06/2025 10:21",view_content,0.00
3638,538,"29-10-2025 08:40",view_content,0.00
3639,538,"08.11.2025 02:41",view_content,0.00
3640,539,"5.3.25 13:52",registration,0.00
3641,539,"24-3-2025 06:32",view_content,0.00
3642,539,"17.04.2025 13:08",play_video,0.00
3643,539,"26-4-2025 06:23",view_content,0.00
3644,539,"13/5/2025 10:31",login,0.00
3645,539,"24.5.25 05:34",view_content,0.00
3646,539,"27.6.25 03:12",login,0.00
3647,539,"29/6/2025 11:19",purchase,10.00
3648,540,"4.6.25 15:15",registration,0.00
3649,540,"16.6.25 23:55",play_video,0.00
3650,540,"17/6/2025 15:47",play_video,0.00
3651,540,"27/7/2025 16:05",view_content,0.00
3652,541,"3-4-2025 23:26",registration,0.00
3653,541,"12.4.25 02:37",support_request,0.00
3654,541,"20/4/2025 15:24",view_content,0.00
3655,541,"6.5.25 09:03",view_content,0.00
3656,541,"5/7/2025 20:10",view_content,0.00
3657,542,"17.04.2025 12:31",registration,0.00
3658,542,"22/04/2025 21:33",view_content,0.00
3659,542,"11-5-2025 18:40",login,0.00
3660,542,"21.05.2025 21:33",play_video,0.00
3661,542,"05.06.2025 03:12",login,0.00
3662,542,"25/06/2025 18:06",view_content,0.00
3663,542,"28-6-2025 23:18",purchase,10.00
3664,542,"21-7-2025 12:31",login,0.00
3665,542,"18/7/2025 05:56",view_content,0.00
3666,542,"20/10/2025 03:59",view_content,0.00
3667,542,"20/10/2025 19:22",support_request,0.00
3668,542,"7.2.26 22:48",view_content,0.00
3669,542,"2-2-2026 3:04",login,0.00
3670,543,"10/2/2025 15:08",registration,0.00
3671,543,"24/2/2025 00:31",view_content,0.00
3672,543,"21/3/2025 05:42",login,0.00
3673,543,"23-4-2025 20:04",play_video,0.00
3674,543,"24.04.2025 03:36",login,0.00
3675,543,"08.06.2025 06:18",purchase,15.00
3676,543,"18.6.25 04:20",play_video,0.00
3677,543,"11.06.2025 18:30",view_content,0.00
3678,543,"13/7/2025 19:50",support_request,0.00
3679,543,"06/08/2025 22:04",view_content,0.00
3680,543,"11.08.2025 09:30",view_content,0.00
3681,543,"26/9/2025 02:43",play_video,0.00
3682,544,"06.04.2025 23:32",registration,0.00
3683,544,"14.6.25 09:41",view_content,0.00
3684,544,"27-6-2025 13:19",test_event,20.00
3685,545,"25.2.25 03:26",registration,0.00
3686,545,"16.3.25 21:45",view_content,0.00
3687,545,"21.4.25 17:53",purchase,20.00
3688,545,"3/5/2025 1:02",login,0.00
3689,545,"28.04.2025 09:53",login,0.00
3690,545,"13-6-2025 23:57",cancel,0.00
3691,545,"19.07.2025 06:55",purchase,20.00
3692,545,"7/7/2025 20:11",play_video,0.00
3693,545,"06/08/2025 21:16",cancel,0.00
3694,545,"15-8-2025 09:37",login,0.00
3695,546,"6-5-2025 6:23",registration,0.00
3696,546,"30.5.25 13:06",view_content,0.00
3697,546,"28.6.25 19:01",cancel,0.00
3698,546,"10/06/2025 16:17",view_content,0.00
3699,546,"26/7/2025 05:09",view_content,0.00
3700,546,"08/08/2025 17:21",login,0.00
3701,546,"07.09.2025 00:07",login,0.00
3702,546,"22.10.25 09:23",view_content,0.00
3703,547,"07/06/2025 18:10",registration,0.00
3704,547,"17/7/2025 09:42",purchase,20.00
3705,547,"07.07.2025 22:42",play_video,0.00
3706,547,"19.8.25 03:11",view_content,0.00
3707,547,"15-8-2025 05:00",view_content,0.00
3708,547,"16/9/2025 00:57",view_content,0.00
3709,547,"24-10-2025 09:27",view_content,0.00
3710,548,"05/05/2025 7:06",registration,0.00
3711,548,"14/05/2025 05:05",view_content,0.00
3712,548,"30.5.25 16:23",view_content,0.00
3713,548,"30/06/2025 09:51",support_request,0.00
3714,548,"06.06.2025 23:24",view_content,0.00
3715,548,"26-7-2025 10:16",play_video,0.00
3716,548,"16/7/2025 09:46",login,0.00
3717,548,"10-8-2025 16:25",login,0.00
3718,548,"15/8/2025 15:35",login,0.00
3719,548,"23.9.25 22:56",login,0.00
3720,548,"14-9-2025 15:11",play_video,0.00
3721,549,"28/4/2025 18:40",registration,0.00
3722,549,"21.05.2025 06:52",login,0.00
3723,549,"12.5.25 12:10",login,0.00
3724,549,"7-7-2025 20:31",view_content,0.00
3725,550,"29/05/2025 08:27",registration,0.00
3726,550,"4/6/2025 14:41",view_content,0.00
3727,550,"22/06/2025 02:35",view_content,0.00
3728,550,"19.07.2025 02:48",login,0.00
3729,550,"20-7-2025 06:14",support_request,0.00
3730,550,"23/8/2025 11:55",view_content,0.00
3731,550,"23.9.25 22:36",view_content,0.00
3732,550,"03/09/2025 21:55",play_video,0.00
3733,550,"2/11/2025 16:21",login,0.00
3734,550,"22-11-2025 12:57",purchase,15.00
3735,551,"19/04/2025 19:33",registration,0.00
3736,551,"12/5/2025 5:45",play_video,0.00
3737,551,"16/5/2025 09:17",support_request,0.00
3738,551,"28/5/2025 05:51",view_content,0.00
3739,551,"22/06/2025 15:02",login,0.00
3740,551,"02/09/2025 18:45",login,0.00
3741,551,"7.9.25 08:54",cancel,0.00
3742,551,"24.11.2025 22:03",login,0.00
3743,551,"22-11-2025 11:22",view_content,0.00
3744,551,"2-1-2026 14:38",play_video,0.00
3745,552,"25.01.2025 07:38",registration,0.00
3746,552,"19/2/2025 17:13",login,0.00
3747,552,"12/06/2025 4:45",view_content,0.00
3748,552,"05.07.2025 12:17",purchase,20.00
3749,552,"29/06/2025 04:57",view_content,0.00
3750,552,"28.7.25 17:17",view_content,0.00
3751,552,"1.8.25 13:08",view_content,0.00
3752,553,"9.6.25 18:58",registration,0.00
3753,553,"27/6/2025 22:26",view_content,0.00
3754,553,"11.7.25 17:51",play_video,0.00
3755,553,"15/7/2025 12:57",play_video,0.00
3756,553,"9/8/2025 11:36",purchase,15.00
3757,553,"18.9.25 20:38",view_content,0.00
3758,553,"21-12-2025 23:44",login,0.00
3759,553,"20.12.2025 12:23",login,0.00
3760,553,"03/03/2026 23:16",view_content,0.00
3761,554,"31.1.25 23:43",registration,0.00
3762,554,"18.02.2025 08:16",login,0.00
3763,554,"24/05/2025 07:19",login,0.00
3764,554,"8.5.25 10:34",view_content,0.00
3765,554,"26.7.25 08:06",view_content,0.00
3766,554,"10.7.25 21:55",view_content,0.00
3767,555,"8/1/2025 23:49",registration,0.00
3768,555,"14/01/2025 11:08",support_request,0.00
3769,555,"24.2.25 04:40",play_video,0.00
3770,555,"12-3-2025 17:12",purchase,10.00
3771,555,"5/4/2025 11:08",login,0.00
3772,555,"26/4/2025 01:48",login,0.00
3773,555,"24/4/2025 02:19",login,0.00
3774,555,"19.6.25 07:49",view_content,0.00
3775,555,"02.07.2025 04:13",login,0.00
3776,556,"8-1-2025 3:06",registration,0.00
3777,556,"21/3/2025 07:28",login,0.00
3778,557,"22-1-2025 16:17",registration,0.00
3779,557,"8.2.25 16:30",view_content,0.00
3780,558,"25/03/2025 23:01",registration,0.00
3781,558,"14/04/2025 06:12",login,0.00
3782,558,"11-5-2025 16:05",login,0.00
3783,558,"18.06.2025 22:51",login,0.00
3784,558,"6-8-2025 22:39",view_content,0.00
3785,558,"30/08/2025 07:46",view_content,0.00
3786,558,"10-9-2025 13:41",play_video,0.00
3787,559,"30.4.25 05:49",registration,0.00
3788,559,"22.05.2025 10:19",view_content,0.00
3789,559,"17/05/2025 17:16",purchase,20.00
3790,559,"3.6.25 15:48",login,0.00
3791,559,"10.08.2025 22:43",view_content,0.00
3792,559,"24-8-2025 20:57",view_content,0.00
3793,560,"26.6.25 04:56",registration,0.00
3794,560,"11-8-2025 2:35",login,0.00
3795,561,"23.2.25 00:27",registration,0.00
3796,561,"06/03/2025 8:40",view_content,0.00
3797,561,"03/03/2025 11:19",login,0.00
3798,561,"29/03/2025 05:40",login,0.00
3799,561,"26.3.25 14:06",view_content,0.00
3800,561,"13.5.25 22:49",test_event,0.00
3801,561,"15-5-2025 18:05",view_content,0.00
3802,561,"08.06.2025 01:28",play_video,0.00
3803,561,"04/06/2025 8:47",purchase,20.00
3804,561,"7.7.25 23:52",play_video,0.00
3805,561,"08/08/2025 15:21",view_content,0.00
3806,561,"10.8.25 15:07",login,0.00
3807,561,"22.08.2025 03:24",login,0.00
3808,562,"14.1.25 08:45",registration,0.00
3809,562,"03/03/2025 5:34",play_video,0.00
3810,562,"2-3-2025 13:11",view_content,0.00
3811,563,"13.1.25 17:52",registration,0.00
3812,563,"26.1.25 01:33",login,0.00
3813,563,"09.03.2025 03:46",view_content,0.00
3814,563,"8.4.25 14:37",play_video,0.00
3815,563,"26-4-2025 02:35",login,0.00
3816,564,"17.2.25 03:43",registration,0.00
3817,564,"10.03.2025 19:52",login,0.00
3818,564,"4/3/2025 16:10",login,0.00
3819,564,"19/3/2025 06:46",login,0.00
3820,564,"26/05/2025 23:50",login,0.00
3821,564,"7.7.25 18:33",view_content,0.00
3822,564,"25/06/2025 16:08",view_content,0.00
3823,564,"3.8.25 13:28",play_video,0.00
3824,564,"19.8.25 07:34",play_video,0.00
3825,564,"24/09/2025 20:49",view_content,0.00
3826,564,"04/10/2025 14:09",play_video,0.00
3827,565,"26/4/2025 06:02",registration,0.00
3828,565,"21.05.2025 16:14",login,0.00
3829,565,"21/5/2025 22:24",play_video,0.00
3830,565,"16-7-2025 10:58",support_request,0.00
3831,565,"4-7-2025 22:37",login,0.00
3832,565,"08.09.2025 04:31",login,0.00
3833,565,"14.10.2025 20:42",view_content,0.00
3834,565,"2.10.25 17:29",login,0.00
3835,566,"07/05/2025 0:59",registration,0.00
3836,566,"22.7.25 07:29",cancel,0.00
3837,566,"24.7.25 20:50",cancel,0.00
3838,567,"05.02.2025 19:29",registration,0.00
3839,567,"2-3-2025 20:59",view_content,0.00
3840,567,"20.2.25 18:00",view_content,0.00
3841,567,"01/05/2025 18:37",view_content,0.00
3842,567,"31/05/2025 18:34",login,0.00
3843,567,"26.6.25 02:55",login,0.00
3844,567,"26/06/2025 22:24",cancel,0.00
3845,568,"13.2.25 03:38",registration,0.00
3846,568,"4.3.25 01:53",play_video,0.00
3847,568,"04.05.2025 08:53",view_content,0.00
3848,568,"17/4/2025 13:03",view_content,0.00
3849,568,"1.6.25 15:09",view_content,0.00
3850,568,"02.06.2025 18:08",view_content,0.00
3851,568,"01.07.2025 10:50",login,0.00
3852,568,"09.07.2025 04:32",login,0.00
3853,568,"7.9.25 13:47",login,0.00
3854,568,"12/8/2025 10:18",play_video,0.00
3855,569,"19/6/2025 18:47",registration,0.00
3856,569,"9-8-2025 14:34",play_video,0.00
3857,569,"09/09/2025 7:43",login,0.00
3858,569,"13.09.2025 04:05",login,0.00
3859,569,"27.9.25 11:33",view_content,0.00
3860,569,"11-11-2025 13:49",login,0.00
3861,569,"2-12-2025 13:30",purchase,10.00
3862,569,"4-12-2025 1:34",view_content,0.00
3863,569,"27.12.2025 08:33",cancel,0.00
3864,569,"10-2-2026 14:32",login,0.00
3865,569,"03.02.2026 23:54",view_content,0.00
3866,570,"8/3/2025 2:05",registration,0.00
3867,570,"9.3.25 11:02",purchase,20.00
3868,570,"11/3/2025 21:07",login,0.00
3869,570,"28/04/2025 12:39",cancel,0.00
3870,570,"28-4-2025 03:25",login,0.00
3871,570,"3.6.25 02:11",login,0.00
3872,570,"12.05.2025 08:30",login,0.00
3873,570,"14.07.2025 23:54",login,0.00
3874,571,"1/3/2025 19:58",registration,0.00
3875,571,"26/04/2025 12:53",view_content,0.00
3876,571,"22/04/2025 08:28",purchase,10.00
3877,571,"5/6/2025 0:17",play_video,0.00
3878,571,"04/07/2025 5:11",login,0.00
3879,572,"27-2-2025 13:41",registration,0.00
3880,572,"25.3.25 15:09",view_content,0.00
3881,572,"11.03.2025 11:47",login,0.00
3882,572,"25/04/2025 19:53",login,0.00
3883,572,"30-5-2025 16:24",view_content,0.00
3884,573,"27.02.2025 20:50",registration,0.00
3885,573,"7/4/2025 0:09",view_content,0.00
3886,573,"17/04/2025 16:38",play_video,0.00
3887,573,"17-5-2025 12:40",view_content,0.00
3888,573,"13.05.2025 14:34",login,0.00
3889,573,"14/06/2025 22:35",login,0.00
3890,573,"04/07/2025 10:00",view_content,0.00
3891,573,"29.06.2025 10:11",play_video,0.00
3892,573,"28.7.25 05:21",login,0.00
3893,573,"30/7/2025 03:08",view_content,0.00
3894,573,"29/8/2025 13:31",login,0.00
3895,573,"8-9-2025 20:59",login,0.00
3896,574,"18.06.2025 19:52",registration,0.00
3897,574,"24.07.2025 21:54",view_content,0.00
3898,574,"25/8/2025 18:21",login,0.00
3899,574,"29/9/2025 12:46",login,0.00
3900,574,"06.11.2025 16:48",login,0.00
3901,575,"17-1-2025 08:39",registration,0.00
3902,575,"21-1-2025 13:29",support_request,0.00
3903,575,"22/01/2025 18:35","",0.00
3904,575,"4.3.25 02:37",support_request,0.00
3905,575,"24.4.25 14:41",play_video,0.00
3906,575,"10-7-2025 7:58",login,0.00
3907,575,"21-7-2025 05:11",support_request,0.00
3908,576,"18.2.25 00:12",registration,0.00
3909,576,"23-2-2025 22:16",login,0.00
3910,576,"28/2/2025 01:59",login,0.00
3911,576,"16.04.2025 04:14",cancel,0.00
3912,576,"27-7-2025 20:52",view_content,0.00
3913,576,"05/08/2025 13:45",login,0.00
3914,577,"20/5/2025 19:59",registration,0.00
3915,577,"25.5.25 18:07",login,0.00
3916,577,"06.06.2025 12:19",login,0.00
3917,577,"30.6.25 00:47",login,0.00
3918,577,"26-6-2025 07:53",view_content,0.00
3919,577,"28-7-2025 18:37",purchase,30.00
3920,577,"03.09.2025 15:32",play_video,0.00
3921,577,"01.09.2025 00:31",login,0.00
3922,577,"14/10/2025 14:39",login,0.00
3923,577,"25-9-2025 01:29",play_video,0.00
3924,577,"12.11.25 02:07",login,0.00
3925,578,"27/3/2025 16:41",registration,0.00
3926,578,"19.04.2025 05:38",play_video,0.00
3927,578,"7-5-2025 8:51",view_content,0.00
3928,578,"21.6.25 21:09",login,0.00
3929,578,"30.5.25 14:46",view_content,0.00
3930,578,"14-7-2025 16:42",view_content,0.00
3931,578,"21.7.25 10:04",purchase,10.00
3932,578,"10/8/2025 17:52",purchase,20.00
3933,578,"25/08/2025 11:50",login,0.00
3934,578,"26.08.2025 14:56",login,0.00
3935,578,"19-11-2025 08:22",view_content,0.00
3936,578,"13/11/2025 11:03",login,0.00
3937,579,"20.1.25 10:47",registration,0.00
3938,579,"27.1.25 13:23",cancel,0.00
3939,579,"24.2.25 17:21",play_video,0.00
3940,579,"26/02/2025 13:44",login,0.00
3941,579,"5/5/2025 13:08",play_video,0.00
3942,579,"29.5.25 08:49",login,0.00
3943,579,"04/08/2025 6:35",login,0.00
3944,579,"09.08.2025 01:59",view_content,0.00
3945,580,"10/5/2025 17:45",registration,0.00
3946,580,"17/05/2025 21:14",login,0.00
3947,580,"27/06/2025 12:41",login,0.00
3948,580,"27.07.2025 23:08",login,0.00
3949,580,"3-8-2025 12:52",login,0.00
3950,580,"13/8/2025 07:48",view_content,0.00
3951,580,"09/08/2025 23:17",view_content,0.00
3952,580,"31/10/2025 16:27",login,0.00
3953,580,"08/10/2025 3:24",view_content,0.00
3954,580,"30.11.25 10:08",purchase,15.00
3955,580,"12/12/2025 14:47",login,0.00
3956,580,"21.12.25 04:37",view_content,0.00
3957,581,"15.2.25 21:20",registration,0.00
3958,581,"5-3-2025 10:26",view_content,0.00
3959,581,"12-3-2025 10:09",login,0.00
3960,581,"10/05/2025 17:30",view_content,0.00
3961,581,"18/04/2025 17:46",view_content,0.00
3962,582,"14/06/2025 16:20",registration,0.00
3963,582,"21.06.2025 22:41",login,0.00
3964,582,"16/07/2025 00:34",login,0.00
3965,582,"24/07/2025 06:04",view_content,0.00
3966,582,"20.8.25 06:36",login,0.00
3967,582,"01.09.2025 04:32",login,0.00
3968,583,"22/02/2025 14:59",registration,0.00
3969,583,"18.03.2025 09:54",purchase,20.00
3970,583,"22/2/2025 17:40",login,0.00
3971,583,"30/4/2025 12:42",view_content,0.00
3972,583,"3/5/2025 11:03",play_video,0.00
3973,583,"15/06/2025 00:23",view_content,0.00
3974,583,"19.6.25 21:26",login,0.00
3975,584,"8-6-2025 10:19",registration,0.00
3976,584,"3.7.25 21:39",login,0.00
3977,584,"25-7-2025 17:58",play_video,0.00
3978,584,"25/7/2025 02:35",login,0.00
3979,584,"11.9.25 08:32",view_content,0.00
3980,584,"13.09.2025 13:56",login,0.00
3981,584,"11/10/2025 10:37",purchase,20.00
3982,584,"20.11.25 07:30",view_content,0.00
3983,584,"08.01.2026 05:10",view_content,0.00
3984,584,"15/1/2026 17:51",view_content,0.00
3985,585,"17.5.25 11:33",registration,0.00
3986,585,"04/06/2025 18:30",view_content,0.00
3987,585,"20-5-2025 08:32",cancel,0.00
3988,585,"25-6-2025 11:17",play_video,0.00
3989,585,"26-7-2025 03:11",view_content,0.00
3990,585,"09.09.2025 02:54",view_content,0.00
3991,585,"31.08.2025 00:24",view_content,0.00
3992,585,"23.09.2025 19:09",view_content,0.00
3993,585,"11/10/2025 19:48",login,0.00
3994,585,"25/10/2025 17:11",support_request,0.00
3995,585,"26/11/2025 10:01",login,0.00
3996,586,"3-2-2025 19:17",registration,0.00
3997,586,"16/2/2025 21:35",login,0.00
3998,586,"08/02/2025 0:10",view_content,0.00
3999,586,"27/05/2025 20:00",login,0.00
4000,586,"17.6.25 15:35",login,0.00
4001,587,"30/01/2025 18:49",registration,0.00
4002,587,"12/2/2025 6:10",cancel,0.00
4003,587,"8/2/2025 10:27",login,0.00
4004,587,"2/3/2025 5:10",login,0.00
4005,587,"14/3/2025 18:52",view_content,0.00
4006,587,"13.4.25 04:55",login,0.00
4007,587,"16/4/2025 12:55",play_video,0.00
4008,587,"4.7.25 20:57",view_content,0.00
4009,587,"15/07/2025 09:20",login,0.00
4010,587,"31-10-2025 17:15",play_video,0.00
4011,587,"13-11-2025 20:27",play_video,0.00
4012,588,"11/03/2025 12:28",registration,0.00
4013,588,"17/3/2025 08:05",cancel,0.00
4014,588,"28.04.2025 15:54",login,0.00
4015,588,"4/5/2025 4:20",login,0.00
4016,588,"05.06.2025 19:14",view_content,0.00
4017,588,"14/6/2025 07:54",support_request,0.00
4018,588,"17/06/2025 22:05",login,0.00
4019,589,"25/6/2025 15:10",registration,0.00
4020,589,"05.07.2025 00:31",login,0.00
4021,589,"18-7-2025 19:05",view_content,0.00
4022,589,"16.8.25 16:19",view_content,0.00
4023,589,"6.9.25 09:15",support_request,0.00
4024,589,"8.10.25 05:16",login,0.00
4025,589,"19.11.2025 12:27",view_content,0.00
4026,589,"28.10.25 15:06",support_request,0.00
4027,589,"27.11.25 06:04",view_content,0.00
4028,589,"13/1/2026 11:59",login,0.00
4029,590,"5-2-2025 9:41",registration,0.00
4030,590,"20.2.25 22:28",purchase,30.00
4031,590,"14/02/2025 01:19",view_content,0.00
4032,590,"19/03/2025 14:12",view_content,0.00
4033,590,"9/3/2025 16:45",login,0.00
4034,590,"25/4/2025 07:28",login,0.00
4035,590,"26.05.2025 13:32",login,0.00
4036,590,"30/5/2025 05:54",login,0.00
4037,590,"20.6.25 12:34",login,0.00
4038,590,"08/08/2025 6:19",login,0.00
4039,591,"27/05/2025 16:35",registration,0.00
4040,591,"10/6/2025 16:56",login,0.00
4041,591,"5/6/2025 14:56",view_content,0.00
4042,591,"19/07/2025 20:53",login,0.00
4043,591,"22/08/2025 14:14",login,0.00
4044,591,"22.08.2025 18:21",play_video,0.00
4045,592,"10/05/2025 5:14",registration,0.00
4046,592,"1-6-2025 14:02",view_content,0.00
4047,592,"15/05/2025 02:52",purchase,15.00
4048,592,"14/7/2025 22:37",login,0.00
4049,592,"29/7/2025 15:38",view_content,0.00
4050,592,"4.9.25 03:03",view_content,0.00
4051,592,"17.10.2025 21:24",view_content,0.00
4052,592,"24/10/2025 09:35",login,0.00
4053,593,"09.02.2025 14:11",registration,0.00
4054,593,"28-3-2025 17:49",login,0.00
4055,594,"29/6/2025 16:34",registration,0.00
4056,594,"2.7.25 08:33",play_video,0.00
4057,594,"6/11/2025 20:01",login,0.00
4058,594,"2/11/2025 6:38",login,0.00
4059,595,"08.01.2025 13:47",registration,0.00
4060,595,"06.03.2025 07:21",view_content,0.00
4061,595,"21.03.2025 04:48",play_video,0.00
4062,595,"30.4.25 09:21",play_video,0.00
4063,595,"14/4/2025 18:14",play_video,0.00
4064,595,"10.5.25 09:07",purchase,20.00
4065,595,"14/5/2025 16:20",login,0.00
4066,595,"25.6.25 08:27",login,0.00
4067,596,"12.4.25 07:09",registration,0.00
4068,596,"28/04/2025 13:09",view_content,0.00
4069,596,"24-4-2025 14:26",view_content,0.00
4070,596,"31/05/2025 06:43",login,0.00
4071,596,"06.07.2025 16:22",purchase,10.00
4072,596,"18/07/2025 08:42",view_content,0.00
4073,596,"08/08/2025 6:27",view_content,0.00
4074,596,"27.10.25 04:52",view_content,0.00
4075,597,"14.06.2025 15:49",registration,0.00
4076,597,"18.06.2025 23:12",login,0.00
4077,597,"3-7-2025 11:32",purchase,20.00
4078,597,"22/8/2025 14:38",view_content,0.00
4079,598,"03.01.2025 21:22",registration,0.00
4080,598,"19.1.25 05:38",login,0.00
4081,598,"15/2/2025 02:08",login,0.00
4082,598,"21.3.25 15:13",login,0.00
4083,598,"12.6.25 09:05",test_event,0.00
4084,598,"21.08.2025 05:02",purchase,40.00
4085,599,"1-4-2025 18:04",registration,0.00
4086,599,"13.4.25 13:34",view_content,0.00
4087,599,"04.05.2025 07:20",view_content,0.00
4088,599,"5/5/2025 13:01",support_request,0.00
4089,599,"24.06.2025 20:55",login,0.00
4090,599,"2.6.25 08:55",view_content,0.00
4091,599,"25/7/2025 12:44",view_content,0.00
4092,599,"19.10.2025 23:43",login,0.00
4093,599,"6-10-2025 5:10",support_request,0.00
4094,600,"20-3-2025 05:55",registration,0.00
4095,600,"10/05/2025 5:07",view_content,0.00
4096,600,"06.05.2025 14:31",view_content,0.00
4097,600,"1/6/2025 2:53",play_video,0.00
4098,600,"19.06.2025 14:28",login,0.00
4099,600,"22.06.2025 21:47",login,0.00
4100,600,"30-7-2025 10:51",login,0.00
4101,600,"4-9-2025 22:15",cancel,0.00
4102,600,"5/11/2025 0:52",view_content,0.00
4103,600,"28-11-2025 04:16",play_video,0.00
4104,600,"12.12.2025 05:50",view_content,0.00
